[==========] Running 161 tests from 24 test suites.
[----------] Global test environment set-up.
[----------] 5 tests from RaftElection
[ RUN      ] RaftElection.SingleNodeBecomesLeader
[       OK ] RaftElection.SingleNodeBecomesLeader (1 ms)
[ RUN      ] RaftElection.OnlyOneLeaderPerTerm
[       OK ] RaftElection.OnlyOneLeaderPerTerm (17 ms)
[ RUN      ] RaftElection.SplitVoteResolvedByNextTimeout
[       OK ] RaftElection.SplitVoteResolvedByNextTimeout (8 ms)
[ RUN      ] RaftElection.VoteGrantedToUpToDateCandidate
[       OK ] RaftElection.VoteGrantedToUpToDateCandidate (0 ms)
[ RUN      ] RaftElection.TermAndVotePersistedBeforeReply
[       OK ] RaftElection.TermAndVotePersistedBeforeReply (0 ms)
[----------] 5 tests from RaftElection (29 ms total)

[----------] 3 tests from RaftLog
[ RUN      ] RaftLog.ReplicationAllLogsMatch
[       OK ] RaftLog.ReplicationAllLogsMatch (19 ms)
[ RUN      ] RaftLog.ConflictingSuffixTruncatedOnLeaderChange
[       OK ] RaftLog.ConflictingSuffixTruncatedOnLeaderChange (12 ms)
[ RUN      ] RaftLog.LaggingFollowerCatchesUp
[       OK ] RaftLog.LaggingFollowerCatchesUp (25 ms)
[----------] 3 tests from RaftLog (57 ms total)

[----------] 2 tests from RaftCommit
[ RUN      ] RaftCommit.CommitRequiresMajority
[       OK ] RaftCommit.CommitRequiresMajority (1019 ms)
[ RUN      ] RaftCommit.OldTermEntryNotCommittedByCount
[       OK ] RaftCommit.OldTermEntryNotCommittedByCount (62 ms)
[----------] 2 tests from RaftCommit (1081 ms total)

[----------] 1 test from ProposeStepDown
[ RUN      ] ProposeStepDown.ReturnsNotLeaderAfterStepDown
[       OK ] ProposeStepDown.ReturnsNotLeaderAfterStepDown (5 ms)
[----------] 1 test from ProposeStepDown (5 ms total)

[----------] 1 test from KvIdempotent
[ RUN      ] KvIdempotent.ApplyIsIdempotentOnRetry
[       OK ] KvIdempotent.ApplyIsIdempotentOnRetry (0 ms)
[----------] 1 test from KvIdempotent (0 ms total)

[----------] 10 tests from KvStateMachineContract
[ RUN      ] KvStateMachineContract.Empty
[       OK ] KvStateMachineContract.Empty (0 ms)
[ RUN      ] KvStateMachineContract.BasicOps
[       OK ] KvStateMachineContract.BasicOps (0 ms)
[ RUN      ] KvStateMachineContract.IdempotentSameIndex
[       OK ] KvStateMachineContract.IdempotentSameIndex (0 ms)
[ RUN      ] KvStateMachineContract.IdempotentHigherIndexKeepsData
[       OK ] KvStateMachineContract.IdempotentHigherIndexKeepsData (0 ms)
[ RUN      ] KvStateMachineContract.MarkersAdvanceApplied
[       OK ] KvStateMachineContract.MarkersAdvanceApplied (0 ms)
[ RUN      ] KvStateMachineContract.CanonicalState
[       OK ] KvStateMachineContract.CanonicalState (0 ms)
[ RUN      ] KvStateMachineContract.SnapshotDeterministic
[       OK ] KvStateMachineContract.SnapshotDeterministic (0 ms)
[ RUN      ] KvStateMachineContract.StreamMatchesSerialize
[       OK ] KvStateMachineContract.StreamMatchesSerialize (0 ms)
[ RUN      ] KvStateMachineContract.SnapshotRoundTrip
[       OK ] KvStateMachineContract.SnapshotRoundTrip (0 ms)
[ RUN      ] KvStateMachineContract.RestoreRejectsMalformed
[       OK ] KvStateMachineContract.RestoreRejectsMalformed (0 ms)
[----------] 10 tests from KvStateMachineContract (2 ms total)

[----------] 13 tests from LsmContract
[ RUN      ] LsmContract.Empty
[       OK ] LsmContract.Empty (10 ms)
[ RUN      ] LsmContract.BasicOps
[       OK ] LsmContract.BasicOps (19 ms)
[ RUN      ] LsmContract.IdempotentSameIndex
[       OK ] LsmContract.IdempotentSameIndex (20 ms)
[ RUN      ] LsmContract.IdempotentHigherIndexKeepsData
[       OK ] LsmContract.IdempotentHigherIndexKeepsData (18 ms)
[ RUN      ] LsmContract.MarkersAdvanceApplied
[       OK ] LsmContract.MarkersAdvanceApplied (18 ms)
[ RUN      ] LsmContract.CanonicalState
[       OK ] LsmContract.CanonicalState (19 ms)
[ RUN      ] LsmContract.SnapshotDeterministic
[       OK ] LsmContract.SnapshotDeterministic (35 ms)
[ RUN      ] LsmContract.StreamMatchesSerialize
[       OK ] LsmContract.StreamMatchesSerialize (37 ms)
[ RUN      ] LsmContract.SnapshotRoundTrip
[       OK ] LsmContract.SnapshotRoundTrip (45 ms)
[ RUN      ] LsmContract.RestoreRejectsMalformed
[       OK ] LsmContract.RestoreRejectsMalformed (16 ms)
[ RUN      ] LsmContract.CrossRestoreMemToLsm
[       OK ] LsmContract.CrossRestoreMemToLsm (13 ms)
[ RUN      ] LsmContract.CrossRestoreLsmToMem
[       OK ] LsmContract.CrossRestoreLsmToMem (15 ms)
[ RUN      ] LsmContract.SnapshotBytesIdenticalToMem
[       OK ] LsmContract.SnapshotBytesIdenticalToMem (16 ms)
[----------] 13 tests from LsmContract (288 ms total)

[----------] 2 tests from LsmCrash
[ RUN      ] LsmCrash.TornWalTailRecoversConsistentPrefix
[       OK ] LsmCrash.TornWalTailRecoversConsistentPrefix (182 ms)
[ RUN      ] LsmCrash.RestoreAtomicSurvivesReopen
[       OK ] LsmCrash.RestoreAtomicSurvivesReopen (33 ms)
[----------] 2 tests from LsmCrash (216 ms total)

[----------] 8 tests from LsmRestore
[ RUN      ] LsmRestore.MultiEntryPayloadOver64MiBRestoresInManyBatches
[       OK ] LsmRestore.MultiEntryPayloadOver64MiBRestoresInManyBatches (109641 ms)
[ RUN      ] LsmRestore.SingleHugeValueRestoresAcrossChunks
[       OK ] LsmRestore.SingleHugeValueRestoresAcrossChunks (126983 ms)
[ RUN      ] LsmRestore.Exactly64MiBPayloadRestores
[       OK ] LsmRestore.Exactly64MiBPayloadRestores (56042 ms)
[ RUN      ] LsmRestore.OverOneChunkBelow64MiBRestores
[       OK ] LsmRestore.OverOneChunkBelow64MiBRestores (7797 ms)
[ RUN      ] LsmRestore.RepeatedRestoreIsIdempotent
[       OK ] LsmRestore.RepeatedRestoreIsIdempotent (23054 ms)
[ RUN      ] LsmRestore.ApplyLargeValueChunksInProcess
[       OK ] LsmRestore.ApplyLargeValueChunksInProcess (3839 ms)
[ RUN      ] LsmRestore.ThrowingRestoreHookKeepsOldState
[       OK ] LsmRestore.ThrowingRestoreHookKeepsOldState (9501 ms)
[ RUN      ] LsmRestore.RestoredDedupTableStaysConsistentWithData
[       OK ] LsmRestore.RestoredDedupTableStaysConsistentWithData (43071 ms)
[----------] 8 tests from LsmRestore (379932 ms total)

[----------] 1 test from LsmApplyReopen
[ RUN      ] LsmApplyReopen.LargeApplySurvivesReopen
[       OK ] LsmApplyReopen.LargeApplySurvivesReopen (9455 ms)
[----------] 1 test from LsmApplyReopen (9455 ms total)

[----------] 2 tests from FileLogStore
[ RUN      ] FileLogStore.RestartRestoresMetaAndLog
[       OK ] FileLogStore.RestartRestoresMetaAndLog (14 ms)
[ RUN      ] FileLogStore.TruncatesTornTail
[       OK ] FileLogStore.TruncatesTornTail (5 ms)
[----------] 2 tests from FileLogStore (20 ms total)

[----------] 21 tests from LsmLogStore
[ RUN      ] LsmLogStore.KeyEncodingIsBytewiseIndexOrdered
[       OK ] LsmLogStore.KeyEncodingIsBytewiseIndexOrdered (0 ms)
[ RUN      ] LsmLogStore.MetaKeyIsOutsideLogRange
[       OK ] LsmLogStore.MetaKeyIsOutsideLogRange (0 ms)
[ RUN      ] LsmLogStore.AppendIsDurableAndVisible
[       OK ] LsmLogStore.AppendIsDurableAndVisible (25 ms)
[ RUN      ] LsmLogStore.AppendNoSyncIsVisibleButSurvivesSync
[       OK ] LsmLogStore.AppendNoSyncIsVisibleButSurvivesSync (21 ms)
[ RUN      ] LsmLogStore.IdempotentAppendSameIndexSameTerm
[       OK ] LsmLogStore.IdempotentAppendSameIndexSameTerm (18 ms)
[ RUN      ] LsmLogStore.ConflictTruncateThenAppend
[       OK ] LsmLogStore.ConflictTruncateThenAppend (26 ms)
[ RUN      ] LsmLogStore.TruncateSuffixBoundaries
[       OK ] LsmLogStore.TruncateSuffixBoundaries (24 ms)
[ RUN      ] LsmLogStore.TruncateNoSyncThenSyncIsDurable
[       OK ] LsmLogStore.TruncateNoSyncThenSyncIsDurable (32 ms)
[ RUN      ] LsmLogStore.TruncateNoSyncIntoKillDashNineKeepsDeletionInPageCache
[       OK ] LsmLogStore.TruncateNoSyncIntoKillDashNineKeepsDeletionInPageCache (74 ms)
[ RUN      ] LsmLogStore.SliceClampsAndHonoursLimits
[       OK ] LsmLogStore.SliceClampsAndHonoursLimits (22 ms)
[ RUN      ] LsmLogStore.CompactDropsPrefixAndSurvivesRestart
[       OK ] LsmLogStore.CompactDropsPrefixAndSurvivesRestart (28 ms)
[ RUN      ] LsmLogStore.PrefixGoneWithoutSnapshotRefusesLoad
[       OK ] LsmLogStore.PrefixGoneWithoutSnapshotRefusesLoad (20 ms)
[ RUN      ] LsmLogStore.LoadSkipsEntriesBelowBoundary
[       OK ] LsmLogStore.LoadSkipsEntriesBelowBoundary (18 ms)
[ RUN      ] LsmLogStore.EmptyLogWithBoundary
[       OK ] LsmLogStore.EmptyLogWithBoundary (9 ms)
[ RUN      ] LsmLogStore.MetaPersistIsAtomicAndDurable
[       OK ] LsmLogStore.MetaPersistIsAtomicAndDurable (15 ms)
[ RUN      ] LsmLogStore.SecondProcessOnSameDirIsRejectedByLock
[       OK ] LsmLogStore.SecondProcessOnSameDirIsRejectedByLock (30 ms)
[ RUN      ] LsmLogStore.LoadRefusesGapInTheMiddle
[       OK ] LsmLogStore.LoadRefusesGapInTheMiddle (36 ms)
[ RUN      ] LsmLogStore.ValueBytesMatchFileLogStoreOnDisk
[       OK ] LsmLogStore.ValueBytesMatchFileLogStoreOnDisk (24 ms)
[ RUN      ] LsmLogStore.ConcurrentAppendSyncAndReadersStayConsistent
[       OK ] LsmLogStore.ConcurrentAppendSyncAndReadersStayConsistent (3015 ms)
[ RUN      ] LsmLogStore.RestartRestoresMetaAndLog
[       OK ] LsmLogStore.RestartRestoresMetaAndLog (19 ms)
[ RUN      ] LsmLogStore.TruncatesTornTail
[       OK ] LsmLogStore.TruncatesTornTail (22 ms)
[----------] 21 tests from LsmLogStore (3491 ms total)

[----------] 13 tests from RaftSnapshot
[ RUN      ] RaftSnapshot.SnapshotCreatedAtThreshold
[       OK ] RaftSnapshot.SnapshotCreatedAtThreshold (18 ms)
[ RUN      ] RaftSnapshot.SnapshotOnlyCoversAppliedPrefix
[       OK ] RaftSnapshot.SnapshotOnlyCoversAppliedPrefix (13 ms)
[ RUN      ] RaftSnapshot.CompactTruncatesLogAndFirstIndex
[       OK ] RaftSnapshot.CompactTruncatesLogAndFirstIndex (15 ms)
[ RUN      ] RaftSnapshot.TermAtCompactedBoundarySemantics
[       OK ] RaftSnapshot.TermAtCompactedBoundarySemantics (15 ms)
[ RUN      ] RaftSnapshot.InstallSnapshotCatchesUpLaggingFollower
[       OK ] RaftSnapshot.InstallSnapshotCatchesUpLaggingFollower (16 ms)
[ RUN      ] RaftSnapshot.FollowerKeepsSuffixBeyondSnapshot
[       OK ] RaftSnapshot.FollowerKeepsSuffixBeyondSnapshot (19 ms)
[ RUN      ] RaftSnapshot.StaleSnapshotIgnored
[       OK ] RaftSnapshot.StaleSnapshotIgnored (16 ms)
[ RUN      ] RaftSnapshot.Sync542StillHoldsAcrossCompaction
[       OK ] RaftSnapshot.Sync542StillHoldsAcrossCompaction (14 ms)
[ RUN      ] RaftSnapshot.ProposeNotLeaderUnaffectedBySnapshot
[       OK ] RaftSnapshot.ProposeNotLeaderUnaffectedBySnapshot (15 ms)
[ RUN      ] RaftSnapshot.DedupTableSurvivesSnapshot
[       OK ] RaftSnapshot.DedupTableSurvivesSnapshot (0 ms)
[ RUN      ] RaftSnapshot.SingleNodeProposeCommitsWithoutPeers
[       OK ] RaftSnapshot.SingleNodeProposeCommitsWithoutPeers (0 ms)
[ RUN      ] RaftSnapshot.InstallSnapshotRetransmitAfterLostReplies
[       OK ] RaftSnapshot.InstallSnapshotRetransmitAfterLostReplies (34 ms)
[ RUN      ] RaftSnapshot.InstalledNodeCanServeSnapshotAsLeader
[       OK ] RaftSnapshot.InstalledNodeCanServeSnapshotAsLeader (69 ms)
[----------] 13 tests from RaftSnapshot (250 ms total)

[----------] 7 tests from RaftSnapshotDisk
[ RUN      ] RaftSnapshotDisk.RestartLoadsSnapshotThenReplaysTail
[       OK ] RaftSnapshotDisk.RestartLoadsSnapshotThenReplaysTail (14 ms)
[ RUN      ] RaftSnapshotDisk.TornSnapshotDiscarded
[       OK ] RaftSnapshotDisk.TornSnapshotDiscarded (8 ms)
[ RUN      ] RaftSnapshotDisk.TornTailAfterCompact
[       OK ] RaftSnapshotDisk.TornTailAfterCompact (10 ms)
[ RUN      ] RaftSnapshotDisk.SnapshotAndLogCombinedRecovery
[       OK ] RaftSnapshotDisk.SnapshotAndLogCombinedRecovery (10 ms)
[ RUN      ] RaftSnapshotDisk.FileStoreClusterKeepsCommittingAfterCompaction
[       OK ] RaftSnapshotDisk.FileStoreClusterKeepsCommittingAfterCompaction (517 ms)
[ RUN      ] RaftSnapshotDisk.LsmStoreClusterKeepsCommittingAfterCompaction
[       OK ] RaftSnapshotDisk.LsmStoreClusterKeepsCommittingAfterCompaction (545 ms)
[ RUN      ] RaftSnapshotDisk.ConcurrentSaveAndInstallKeepNewestSnapshot
[       OK ] RaftSnapshotDisk.ConcurrentSaveAndInstallKeepNewestSnapshot (301 ms)
[----------] 7 tests from RaftSnapshotDisk (1409 ms total)

[----------] 3 tests from RaftSnapshotDiskLsm
[ RUN      ] RaftSnapshotDiskLsm.RestartLoadsSnapshotThenReplaysTail
[       OK ] RaftSnapshotDiskLsm.RestartLoadsSnapshotThenReplaysTail (28 ms)
[ RUN      ] RaftSnapshotDiskLsm.TornTailAfterCompact
[       OK ] RaftSnapshotDiskLsm.TornTailAfterCompact (20 ms)
[ RUN      ] RaftSnapshotDiskLsm.SnapshotAndLogCombinedRecovery
[       OK ] RaftSnapshotDiskLsm.SnapshotAndLogCombinedRecovery (36 ms)
[----------] 3 tests from RaftSnapshotDiskLsm (86 ms total)

[----------] 3 tests from RaftSnapshotStream
[ RUN      ] RaftSnapshotStream.ChunkedStreamMatchesSerializeByteForByte
[       OK ] RaftSnapshotStream.ChunkedStreamMatchesSerializeByteForByte (269 ms)
[ RUN      ] RaftSnapshotStream.SaveStreamingWritesIdenticalFile
[       OK ] RaftSnapshotStream.SaveStreamingWritesIdenticalFile (461 ms)
[ RUN      ] RaftSnapshotStream.ReadInstalledSlicesMatchFileContent
[       OK ] RaftSnapshotStream.ReadInstalledSlicesMatchFileContent (72 ms)
[----------] 3 tests from RaftSnapshotStream (804 ms total)

[----------] 1 test from RaftSnapshotResume
[ RUN      ] RaftSnapshotResume.ContinuesAfterStoreRestart
[       OK ] RaftSnapshotResume.ContinuesAfterStoreRestart (158 ms)
[----------] 1 test from RaftSnapshotResume (159 ms total)

[----------] 2 tests from RaftSnapshotStore
[ RUN      ] RaftSnapshotStore.StaleSaveNeverOverwritesNewerInstall
[       OK ] RaftSnapshotStore.StaleSaveNeverOverwritesNewerInstall (0 ms)
[ RUN      ] RaftSnapshotStore.ReceiveChunkIsIdempotentForRetransmits
[       OK ] RaftSnapshotStore.ReceiveChunkIsIdempotentForRetransmits (0 ms)
[----------] 2 tests from RaftSnapshotStore (0 ms total)

[----------] 29 tests from RaftMembership
[ RUN      ] RaftMembership.A1_ConfigSerdeRoundTrip
[       OK ] RaftMembership.A1_ConfigSerdeRoundTrip (0 ms)
[ RUN      ] RaftMembership.A2_AddReplicatesConfigToAllNodes
[       OK ] RaftMembership.A2_AddReplicatesConfigToAllNodes (11 ms)
[ RUN      ] RaftMembership.A3_SeedBecomesInitialConfig
[       OK ] RaftMembership.A3_SeedBecomesInitialConfig (0 ms)
[ RUN      ] RaftMembership.A4_UnreachableNewNodeIsNotAddedAndDoesNotCount
[       OK ] RaftMembership.A4_UnreachableNewNodeIsNotAddedAndDoesNotCount (30005 ms)
[ RUN      ] RaftMembership.A5_AddCommitsAndTakesEffect
[       OK ] RaftMembership.A5_AddCommitsAndTakesEffect (9 ms)
[ RUN      ] RaftMembership.A6_RemoveTakesEffectAndStopsCounting
[       OK ] RaftMembership.A6_RemoveTakesEffectAndStopsCounting (4 ms)
[ RUN      ] RaftMembership.A7_SecondChangeRejectedWhileOneInFlight
[       OK ] RaftMembership.A7_SecondChangeRejectedWhileOneInFlight (304 ms)
[ RUN      ] RaftMembership.A8_ConfigCommitNeedsBothMajorities
[       OK ] RaftMembership.A8_ConfigCommitNeedsBothMajorities (307 ms)
[ RUN      ] RaftMembership.A9_RemovedNodeCannotWinElection
[       OK ] RaftMembership.A9_RemovedNodeCannotWinElection (8 ms)
[ RUN      ] RaftMembership.A10_RemovedNodeRetiresAndRedirects
[       OK ] RaftMembership.A10_RemovedNodeRetiresAndRedirects (6 ms)
[ RUN      ] RaftMembership.A11_StartupRejectsNonMonotonicConfigVersions
[       OK ] RaftMembership.A11_StartupRejectsNonMonotonicConfigVersions (1 ms)
[ RUN      ] RaftMembership.A12_SnapshotCarriesConfigAndRestartKeepsTopology
[       OK ] RaftMembership.A12_SnapshotCarriesConfigAndRestartKeepsTopology (15 ms)
[ RUN      ] RaftMembership.A13_ReadIsNotServedByStaleLeader
[       OK ] RaftMembership.A13_ReadIsNotServedByStaleLeader (2 ms)
[ RUN      ] RaftMembership.A14_ReadIndexRequiresQuorum
[       OK ] RaftMembership.A14_ReadIndexRequiresQuorum (203 ms)
[ RUN      ] RaftMembership.A15_SupraRuleHoldsAfterMembershipChange
[       OK ] RaftMembership.A15_SupraRuleHoldsAfterMembershipChange (73 ms)
[ RUN      ] RaftMembership.A16_LeaderSelfRemovalStepsDownAfterCommit
[       OK ] RaftMembership.A16_LeaderSelfRemovalStepsDownAfterCommit (7 ms)
[ RUN      ] RaftMembership.A17_ConfigMessageCodec
[       OK ] RaftMembership.A17_ConfigMessageCodec (0 ms)
[ RUN      ] RaftMembership.A18_InstalledSnapshotCarriesConfig
[       OK ] RaftMembership.A18_InstalledSnapshotCarriesConfig (27 ms)
[ RUN      ] RaftMembership.A19_ConfigEntryTruncationRollsBackConfig
[       OK ] RaftMembership.A19_ConfigEntryTruncationRollsBackConfig (305 ms)
[ RUN      ] RaftMembership.A20_J2IsNotBypassedByLaterEntry
[       OK ] RaftMembership.A20_J2IsNotBypassedByLaterEntry (625 ms)
[ RUN      ] RaftMembership.A21_NewLeaderWithStaleCommitIndexMustNotServeStaleRead
[       OK ] RaftMembership.A21_NewLeaderWithStaleCommitIndexMustNotServeStaleRead (305 ms)
[ RUN      ] RaftMembership.A22_CodecRejectsMaliciousInput
[       OK ] RaftMembership.A22_CodecRejectsMaliciousInput (7 ms)
[ RUN      ] RaftMembership.A23_OnlyVotingMembersGetVotesAndRetiredNodesDoNotVote
[       OK ] RaftMembership.A23_OnlyVotingMembersGetVotesAndRetiredNodesDoNotVote (3 ms)
[ RUN      ] RaftMembership.A24_SnapshotNeverCarriesInFlightConfig
[       OK ] RaftMembership.A24_SnapshotNeverCarriesInFlightConfig (302 ms)
[ RUN      ] RaftMembership.A25_RestartKeepsConfigChangeInFlight
[       OK ] RaftMembership.A25_RestartKeepsConfigChangeInFlight (304 ms)
[ RUN      ] RaftMembership.A26_InstalledSnapshotReseatsConfigBaseline
[       OK ] RaftMembership.A26_InstalledSnapshotReseatsConfigBaseline (0 ms)
[ RUN      ] RaftMembership.A27_ConcurrentMembershipChangesAreSerialized
[       OK ] RaftMembership.A27_ConcurrentMembershipChangesAreSerialized (341 ms)
[ RUN      ] RaftMembership.A28_RemovedPeerIsReclaimedAfterCommit
[       OK ] RaftMembership.A28_RemovedPeerIsReclaimedAfterCommit (8 ms)
[ RUN      ] RaftMembership.A29_RemovedPeerKeepsReceivingUntilItAcks
[       OK ] RaftMembership.A29_RemovedPeerKeepsReceivingUntilItAcks (8 ms)
[----------] 29 tests from RaftMembership (33207 ms total)

[----------] 4 tests from RaftMembershipDisk
[ RUN      ] RaftMembershipDisk.B1_ConfigPersistsAcrossRestart
[       OK ] RaftMembershipDisk.B1_ConfigPersistsAcrossRestart (72 ms)
[ RUN      ] RaftMembershipDisk.B2_ConfigCompactedThenRecoveredFromSnapshot
[       OK ] RaftMembershipDisk.B2_ConfigCompactedThenRecoveredFromSnapshot (315 ms)
[ RUN      ] RaftMembershipDisk.B3_CrashDuringConfigChangeKeepsConsistentTopology
[       OK ] RaftMembershipDisk.B3_CrashDuringConfigChangeKeepsConsistentTopology (355 ms)
[ RUN      ] RaftMembershipDisk.B4_Rks1V1SnapshotStillLoads
[       OK ] RaftMembershipDisk.B4_Rks1V1SnapshotStillLoads (1 ms)
[----------] 4 tests from RaftMembershipDisk (745 ms total)

[----------] 3 tests from RaftMembershipDiskLsm
[ RUN      ] RaftMembershipDiskLsm.B1_ConfigPersistsAcrossRestart
[       OK ] RaftMembershipDiskLsm.B1_ConfigPersistsAcrossRestart (103 ms)
[ RUN      ] RaftMembershipDiskLsm.B2_ConfigCompactedThenRecoveredFromSnapshot
[       OK ] RaftMembershipDiskLsm.B2_ConfigCompactedThenRecoveredFromSnapshot (372 ms)
[ RUN      ] RaftMembershipDiskLsm.B3_CrashDuringConfigChangeKeepsConsistentTopology
[       OK ] RaftMembershipDiskLsm.B3_CrashDuringConfigChangeKeepsConsistentTopology (418 ms)
[----------] 3 tests from RaftMembershipDiskLsm (894 ms total)

[----------] 17 tests from RaftPerf
[ RUN      ] RaftPerf.A1_LockHeldDurableCallsAndSendsAreZero
[       OK ] RaftPerf.A1_LockHeldDurableCallsAndSendsAreZero (9 ms)
[ RUN      ] RaftPerf.A2_LockIsFreeWhileFsyncInProgress
[       OK ] RaftPerf.A2_LockIsFreeWhileFsyncInProgress (12 ms)
[ RUN      ] RaftPerf.A3_MetaPersistOutsideLockThenGrant
[       OK ] RaftPerf.A3_MetaPersistOutsideLockThenGrant (9 ms)
[ RUN      ] RaftPerf.A4_FailedSyncDoesNotAckOrAdvance
[       OK ] RaftPerf.A4_FailedSyncDoesNotAckOrAdvance (0 ms)
[ RUN      ] RaftPerf.A5_NoopUnblocksReadBarrier
[       OK ] RaftPerf.A5_NoopUnblocksReadBarrier (2 ms)
[ RUN      ] RaftPerf.A6_MetricsCountersAndStatusFragment
[       OK ] RaftPerf.A6_MetricsCountersAndStatusFragment (0 ms)
[ RUN      ] RaftPerf.M6105_LatencyUpperBoundAndMax
[       OK ] RaftPerf.M6105_LatencyUpperBoundAndMax (0 ms)
[ RUN      ] RaftPerf.A8_NonMemberVoteRequestCannotBumpTerm
[       OK ] RaftPerf.A8_NonMemberVoteRequestCannotBumpTerm (2 ms)
[ RUN      ] RaftPerf.A9_ConflictTruncationDoesNotFsyncUnderLock
[       OK ] RaftPerf.A9_ConflictTruncationDoesNotFsyncUnderLock (0 ms)
[ RUN      ] RaftPerf.A10_InFlightMuteWindowStaysBelowElectionTimeout
[       OK ] RaftPerf.A10_InFlightMuteWindowStaysBelowElectionTimeout (0 ms)
[ RUN      ] RaftPerf.A11_SlidingWindowOutOfOrderAcksAreIdempotent
==================
WARNING: ThreadSanitizer: double lock of a mutex (pid=363407)
    #0 pthread_mutex_lock ../../../../src/libsanitizer/sanitizer_common/sanitizer_common_interceptors.inc:4240 (libtsan.so.0+0x53908)
    #1 __gthread_mutex_lock /usr/include/x86_64-linux-gnu/c++/11/bits/gthr-default.h:749 (raftkv_raft_tests+0x185002)
    #2 std::mutex::lock() /usr/include/c++/11/bits/std_mutex.h:100 (raftkv_raft_tests+0x185002)
    #3 std::unique_lock<std::mutex>::lock() /usr/include/c++/11/bits/unique_lock.h:139 (raftkv_raft_tests+0x185002)
    #4 std::unique_lock<std::mutex>::unique_lock(std::mutex&) /usr/include/c++/11/bits/unique_lock.h:69 (raftkv_raft_tests+0x185002)
    #5 std::cv_status std::_V2::condition_variable_any::wait_until<std::unique_lock<raftkv::raft::ProbedMutexT<(raftkv::raft::LockClass)0> >, std::chrono::_V2::steady_clock, std::chrono::duration<long, std::ratio<1l, 1000000000l> > >(std::unique_lock<raftkv::raft::ProbedMutexT<(raftkv::raft::LockClass)0> >&, std::chrono::time_point<std::chrono::_V2::steady_clock, std::chrono::duration<long, std::ratio<1l, 1000000000l> > > const&) /usr/include/c++/11/condition_variable:331 (raftkv_raft_tests+0x185002)
    #6 wait_until<std::unique_lock<raftkv::raft::ProbedMutexT<(raftkv::raft::LockClass)0> >, std::chrono::_V2::steady_clock, std::chrono::duration<long int, std::ratio<1, 1000000000> >, raftkv::raft::RaftNode::awaitCommit(raftkv::raft::Index, raftkv::raft::Term, uint64_t)::<lambda()> > /usr/include/c++/11/condition_variable:347 (raftkv_raft_tests+0x17f415)
    #7 raftkv::raft::RaftNode::awaitCommit(unsigned long, unsigned long, unsigned long) /home/tengyujie/raft-kv-lsm/src/raft/raft_node.cpp:895 (raftkv_raft_tests+0x17f415)
    #8 raftkv::raft::RaftNode::propose(raftkv::raft::ClientRequest const&, unsigned long) /home/tengyujie/raft-kv-lsm/src/raft/raft_node.cpp:739 (raftkv_raft_tests+0x1801ec)
    #9 operator() /home/tengyujie/raft-kv-lsm/tests/raft_perf_test.cpp:666 (raftkv_raft_tests+0x100cdb)
    #10 __invoke_impl<void, RaftPerf_A11_SlidingWindowOutOfOrderAcksAreIdempotent_Test::TestBody()::<lambda()> > /usr/include/c++/11/bits/invoke.h:61 (raftkv_raft_tests+0x1012d2)
    #11 __invoke<RaftPerf_A11_SlidingWindowOutOfOrderAcksAreIdempotent_Test::TestBody()::<lambda()> > /usr/include/c++/11/bits/invoke.h:96 (raftkv_raft_tests+0x1012d2)
    #12 _M_invoke<0> /usr/include/c++/11/bits/std_thread.h:259 (raftkv_raft_tests+0x1012d2)
    #13 operator() /usr/include/c++/11/bits/std_thread.h:266 (raftkv_raft_tests+0x1012d2)
    #14 _M_run /usr/include/c++/11/bits/std_thread.h:211 (raftkv_raft_tests+0x1012d2)
    #15 <null> <null> (libstdc++.so.6+0xdc252)

  Location is heap block of size 56 at 0x7b1000005640 allocated by main thread:
    #0 operator new(unsigned long) ../../../../src/libsanitizer/tsan/tsan_new_delete.cpp:64 (libtsan.so.0+0x8f162)
    #1 __gnu_cxx::new_allocator<std::_Sp_counted_ptr_inplace<std::mutex, std::allocator<std::mutex>, (__gnu_cxx::_Lock_policy)2> >::allocate(unsigned long, void const*) /usr/include/c++/11/ext/new_allocator.h:127 (raftkv_raft_tests+0x179d15)
    #2 std::allocator_traits<std::allocator<std::_Sp_counted_ptr_inplace<std::mutex, std::allocator<std::mutex>, (__gnu_cxx::_Lock_policy)2> > >::allocate(std::allocator<std::_Sp_counted_ptr_inplace<std::mutex, std::allocator<std::mutex>, (__gnu_cxx::_Lock_policy)2> >&, unsigned long) /usr/include/c++/11/bits/alloc_traits.h:464 (raftkv_raft_tests+0x179d15)
    #3 std::__allocated_ptr<std::allocator<std::_Sp_counted_ptr_inplace<std::mutex, std::allocator<std::mutex>, (__gnu_cxx::_Lock_policy)2> > > std::__allocate_guarded<std::allocator<std::_Sp_counted_ptr_inplace<std::mutex, std::allocator<std::mutex>, (__gnu_cxx::_Lock_policy)2> > >(std::allocator<std::_Sp_counted_ptr_inplace<std::mutex, std::allocator<std::mutex>, (__gnu_cxx::_Lock_policy)2> >&) /usr/include/c++/11/bits/allocated_ptr.h:98 (raftkv_raft_tests+0x179d15)
    #4 std::__shared_count<(__gnu_cxx::_Lock_policy)2>::__shared_count<std::mutex, std::allocator<std::mutex>>(std::mutex*&, std::_Sp_alloc_shared_tag<std::allocator<std::mutex> >) /usr/include/c++/11/bits/shared_ptr_base.h:648 (raftkv_raft_tests+0x179d15)
    #5 std::__shared_ptr<std::mutex, (__gnu_cxx::_Lock_policy)2>::__shared_ptr<std::allocator<std::mutex>>(std::_Sp_alloc_shared_tag<std::allocator<std::mutex> >) /usr/include/c++/11/bits/shared_ptr_base.h:1342 (raftkv_raft_tests+0x179d15)
    #6 std::shared_ptr<std::mutex>::shared_ptr<std::allocator<std::mutex>>(std::_Sp_alloc_shared_tag<std::allocator<std::mutex> >) /usr/include/c++/11/bits/shared_ptr.h:409 (raftkv_raft_tests+0x179d15)
    #7 std::shared_ptr<std::mutex> std::allocate_shared<std::mutex, std::allocator<std::mutex>>(std::allocator<std::mutex> const&) /usr/include/c++/11/bits/shared_ptr.h:863 (raftkv_raft_tests+0x179d15)
    #8 std::shared_ptr<std::mutex> std::make_shared<std::mutex>() /usr/include/c++/11/bits/shared_ptr.h:879 (raftkv_raft_tests+0x179d15)
    #9 std::_V2::condition_variable_any::condition_variable_any() /usr/include/c++/11/condition_variable:283 (raftkv_raft_tests+0x179d15)
    #10 raftkv::raft::RaftNode::RaftNode(raftkv::raft::RaftConfig, raftkv::raft::LogStore&, raftkv::raft::StateMachine&, raftkv::raft::Transport&, raftkv::raft::Clock&, raftkv::raft::SnapshotStore*, raftkv::raft::ClusterConfig const&, raftkv::raft::Metrics*) /home/tengyujie/raft-kv-lsm/src/raft/raft_node.cpp:49 (raftkv_raft_tests+0x179d15)
    #11 RaftPerf_A11_SlidingWindowOutOfOrderAcksAreIdempotent_Test::TestBody() /home/tengyujie/raft-kv-lsm/tests/raft_perf_test.cpp:625 (raftkv_raft_tests+0x113e4c)
    #12 void testing::internal::HandleSehExceptionsInMethodIfSupported<testing::Test, void>(testing::Test*, void (testing::Test::*)(), char const*) <null> (raftkv_raft_tests+0x202178)
    #13 __libc_start_call_main ../sysdeps/nptl/libc_start_call_main.h:58 (libc.so.6+0x29d8f)

  Mutex M564492636954580560 is already destroyed.

SUMMARY: ThreadSanitizer: double lock of a mutex /usr/include/x86_64-linux-gnu/c++/11/bits/gthr-default.h:749 in __gthread_mutex_lock
==================
==================
WARNING: ThreadSanitizer: lock-order-inversion (potential deadlock) (pid=363407)
  Cycle in lock order graph: M563372165886367504 (0x000000000000) => M564492636954580560 (0x000000000000) => M563372165886367504

  Mutex M564492636954580560 acquired here while holding mutex M563372165886367504 in main thread:
    #0 pthread_mutex_lock ../../../../src/libsanitizer/sanitizer_common/sanitizer_common_interceptors.inc:4240 (libtsan.so.0+0x53908)
    #1 __gthread_mutex_lock /usr/include/x86_64-linux-gnu/c++/11/bits/gthr-default.h:749 (raftkv_raft_tests+0x170e42)
    #2 std::mutex::lock() /usr/include/c++/11/bits/std_mutex.h:100 (raftkv_raft_tests+0x170e42)
    #3 std::lock_guard<std::mutex>::lock_guard(std::mutex&) /usr/include/c++/11/bits/std_mutex.h:229 (raftkv_raft_tests+0x170e42)
    #4 std::_V2::condition_variable_any::notify_all() /usr/include/c++/11/condition_variable:299 (raftkv_raft_tests+0x170e42)
    #5 raftkv::raft::RaftNode::becomeLeader() /home/tengyujie/raft-kv-lsm/src/raft/raft_node.cpp:164 (raftkv_raft_tests+0x170e42)
    #6 raftkv::raft::RaftNode::onRequestVoteReply(int, raftkv::raft::RequestVoteReply const&) /home/tengyujie/raft-kv-lsm/src/raft/raft_node.cpp:638 (raftkv_raft_tests+0x1715cf)
    #7 operator() /home/tengyujie/raft-kv-lsm/src/raft/raft_node.cpp:418 (raftkv_raft_tests+0x171680)
    #8 __invoke_impl<void, raftkv::raft::RaftNode::tick()::<lambda(const raftkv::raft::RequestVoteReply&)>&, const raftkv::raft::RequestVoteReply&> /usr/include/c++/11/bits/invoke.h:61 (raftkv_raft_tests+0x171680)
    #9 __invoke_r<void, raftkv::raft::RaftNode::tick()::<lambda(const raftkv::raft::RequestVoteReply&)>&, const raftkv::raft::RequestVoteReply&> /usr/include/c++/11/bits/invoke.h:111 (raftkv_raft_tests+0x171680)
    #10 _M_invoke /usr/include/c++/11/bits/std_function.h:290 (raftkv_raft_tests+0x171680)
    #11 std::function<void (raftkv::raft::RequestVoteReply const&)>::operator()(raftkv::raft::RequestVoteReply const&) const /usr/include/c++/11/bits/std_function.h:590 (raftkv_raft_tests+0x114642)
    #12 RaftPerf_A11_SlidingWindowOutOfOrderAcksAreIdempotent_Test::TestBody() /home/tengyujie/raft-kv-lsm/tests/raft_perf_test.cpp:643 (raftkv_raft_tests+0x114642)
    #13 void testing::internal::HandleSehExceptionsInMethodIfSupported<testing::Test, void>(testing::Test*, void (testing::Test::*)(), char const*) <null> (raftkv_raft_tests+0x202178)
    #14 __libc_start_call_main ../sysdeps/nptl/libc_start_call_main.h:58 (libc.so.6+0x29d8f)

    Hint: use TSAN_OPTIONS=second_deadlock_stack=1 to get more informative warning message

  Mutex M563372165886367504 acquired here while holding mutex M564492636954580560 in thread T207:
    #0 pthread_mutex_lock ../../../../src/libsanitizer/sanitizer_common/sanitizer_common_interceptors.inc:4240 (libtsan.so.0+0x53908)
    #1 __gthread_mutex_lock /usr/include/x86_64-linux-gnu/c++/11/bits/gthr-default.h:749 (raftkv_raft_tests+0x1853bd)
    #2 std::mutex::lock() /usr/include/c++/11/bits/std_mutex.h:100 (raftkv_raft_tests+0x1853bd)
    #3 raftkv::raft::ProbedMutexT<(raftkv::raft::LockClass)0>::lock() /home/tengyujie/raft-kv-lsm/src/raft/lock_probe.h:95 (raftkv_raft_tests+0x1853bd)
    #4 std::unique_lock<raftkv::raft::ProbedMutexT<(raftkv::raft::LockClass)0> >::lock() /usr/include/c++/11/bits/unique_lock.h:139 (raftkv_raft_tests+0x1853bd)
    #5 std::_V2::condition_variable_any::_Unlock<std::unique_lock<raftkv::raft::ProbedMutexT<(raftkv::raft::LockClass)0> > >::~_Unlock() /usr/include/c++/11/condition_variable:272 (raftkv_raft_tests+0x1853bd)
    #6 std::cv_status std::_V2::condition_variable_any::wait_until<std::unique_lock<raftkv::raft::ProbedMutexT<(raftkv::raft::LockClass)0> >, std::chrono::_V2::steady_clock, std::chrono::duration<long, std::ratio<1l, 1000000000l> > >(std::unique_lock<raftkv::raft::ProbedMutexT<(raftkv::raft::LockClass)0> >&, std::chrono::time_point<std::chrono::_V2::steady_clock, std::chrono::duration<long, std::ratio<1l, 1000000000l> > > const&) /usr/include/c++/11/condition_variable:337 (raftkv_raft_tests+0x1853bd)
    #7 wait_until<std::unique_lock<raftkv::raft::ProbedMutexT<(raftkv::raft::LockClass)0> >, std::chrono::_V2::steady_clock, std::chrono::duration<long int, std::ratio<1, 1000000000> >, raftkv::raft::RaftNode::awaitCommit(raftkv::raft::Index, raftkv::raft::Term, uint64_t)::<lambda()> > /usr/include/c++/11/condition_variable:347 (raftkv_raft_tests+0x17f415)
    #8 raftkv::raft::RaftNode::awaitCommit(unsigned long, unsigned long, unsigned long) /home/tengyujie/raft-kv-lsm/src/raft/raft_node.cpp:895 (raftkv_raft_tests+0x17f415)
    #9 raftkv::raft::RaftNode::propose(raftkv::raft::ClientRequest const&, unsigned long) /home/tengyujie/raft-kv-lsm/src/raft/raft_node.cpp:739 (raftkv_raft_tests+0x1801ec)
    #10 operator() /home/tengyujie/raft-kv-lsm/tests/raft_perf_test.cpp:666 (raftkv_raft_tests+0x100cdb)
    #11 __invoke_impl<void, RaftPerf_A11_SlidingWindowOutOfOrderAcksAreIdempotent_Test::TestBody()::<lambda()> > /usr/include/c++/11/bits/invoke.h:61 (raftkv_raft_tests+0x1012d2)
    #12 __invoke<RaftPerf_A11_SlidingWindowOutOfOrderAcksAreIdempotent_Test::TestBody()::<lambda()> > /usr/include/c++/11/bits/invoke.h:96 (raftkv_raft_tests+0x1012d2)
    #13 _M_invoke<0> /usr/include/c++/11/bits/std_thread.h:259 (raftkv_raft_tests+0x1012d2)
    #14 operator() /usr/include/c++/11/bits/std_thread.h:266 (raftkv_raft_tests+0x1012d2)
    #15 _M_run /usr/include/c++/11/bits/std_thread.h:211 (raftkv_raft_tests+0x1012d2)
    #16 <null> <null> (libstdc++.so.6+0xdc252)

  Thread T10 (tid=363717, running) created by main thread at:
    #0 pthread_create ../../../../src/libsanitizer/tsan/tsan_interceptors_posix.cpp:969 (libtsan.so.0+0x605b8)
    #1 std::thread::_M_start_thread(std::unique_ptr<std::thread::_State, std::default_delete<std::thread::_State> >, void (*)()) <null> (libstdc++.so.6+0xdc328)
    #2 void testing::internal::HandleSehExceptionsInMethodIfSupported<testing::Test, void>(testing::Test*, void (testing::Test::*)(), char const*) <null> (raftkv_raft_tests+0x202178)
    #3 __libc_start_call_main ../sysdeps/nptl/libc_start_call_main.h:58 (libc.so.6+0x29d8f)

SUMMARY: ThreadSanitizer: lock-order-inversion (potential deadlock) /usr/include/x86_64-linux-gnu/c++/11/bits/gthr-default.h:749 in __gthread_mutex_lock
==================
[       OK ] RaftPerf.A11_SlidingWindowOutOfOrderAcksAreIdempotent (788 ms)
[ RUN      ] RaftPerf.A12_OverwrittenEntryIsNotReportedAsCommitted
[       OK ] RaftPerf.A12_OverwrittenEntryIsNotReportedAsCommitted (7 ms)
[ RUN      ] RaftPerf.A7_ConfigChangeStillCommits
[       OK ] RaftPerf.A7_ConfigChangeStillCommits (5 ms)
[ RUN      ] RaftPerf.A13_OverwriteDuringWaitIsNotReportedAsCommitted
==================
WARNING: ThreadSanitizer: double lock of a mutex (pid=363407)
    #0 pthread_mutex_lock ../../../../src/libsanitizer/sanitizer_common/sanitizer_common_interceptors.inc:4240 (libtsan.so.0+0x53908)
    #1 __gthread_mutex_lock /usr/include/x86_64-linux-gnu/c++/11/bits/gthr-default.h:749 (raftkv_raft_tests+0x16cb67)
    #2 std::mutex::lock() /usr/include/c++/11/bits/std_mutex.h:100 (raftkv_raft_tests+0x16cb67)
    #3 std::lock_guard<std::mutex>::lock_guard(std::mutex&) /usr/include/c++/11/bits/std_mutex.h:229 (raftkv_raft_tests+0x16cb67)
    #4 std::_V2::condition_variable_any::notify_all() /usr/include/c++/11/condition_variable:299 (raftkv_raft_tests+0x16cb67)
    #5 raftkv::raft::RaftNode::becomeFollower(unsigned long) /home/tengyujie/raft-kv-lsm/src/raft/raft_node.cpp:140 (raftkv_raft_tests+0x16cb67)
    #6 raftkv::raft::RaftNode::onAppendEntries(raftkv::raft::AppendEntriesArgs const&) /home/tengyujie/raft-kv-lsm/src/raft/raft_node.cpp:522 (raftkv_raft_tests+0x175144)
    #7 RaftPerf_A13_OverwriteDuringWaitIsNotReportedAsCommitted_Test::TestBody() /home/tengyujie/raft-kv-lsm/tests/raft_perf_test.cpp:973 (raftkv_raft_tests+0x11a613)
    #8 void testing::internal::HandleSehExceptionsInMethodIfSupported<testing::Test, void>(testing::Test*, void (testing::Test::*)(), char const*) <null> (raftkv_raft_tests+0x202178)
    #9 __libc_start_call_main ../sysdeps/nptl/libc_start_call_main.h:58 (libc.so.6+0x29d8f)

  Location is heap block of size 56 at 0x7b1000008380 allocated by main thread:
    #0 operator new(unsigned long) ../../../../src/libsanitizer/tsan/tsan_new_delete.cpp:64 (libtsan.so.0+0x8f162)
    #1 __gnu_cxx::new_allocator<std::_Sp_counted_ptr_inplace<std::mutex, std::allocator<std::mutex>, (__gnu_cxx::_Lock_policy)2> >::allocate(unsigned long, void const*) /usr/include/c++/11/ext/new_allocator.h:127 (raftkv_raft_tests+0x179d15)
    #2 std::allocator_traits<std::allocator<std::_Sp_counted_ptr_inplace<std::mutex, std::allocator<std::mutex>, (__gnu_cxx::_Lock_policy)2> > >::allocate(std::allocator<std::_Sp_counted_ptr_inplace<std::mutex, std::allocator<std::mutex>, (__gnu_cxx::_Lock_policy)2> >&, unsigned long) /usr/include/c++/11/bits/alloc_traits.h:464 (raftkv_raft_tests+0x179d15)
    #3 std::__allocated_ptr<std::allocator<std::_Sp_counted_ptr_inplace<std::mutex, std::allocator<std::mutex>, (__gnu_cxx::_Lock_policy)2> > > std::__allocate_guarded<std::allocator<std::_Sp_counted_ptr_inplace<std::mutex, std::allocator<std::mutex>, (__gnu_cxx::_Lock_policy)2> > >(std::allocator<std::_Sp_counted_ptr_inplace<std::mutex, std::allocator<std::mutex>, (__gnu_cxx::_Lock_policy)2> >&) /usr/include/c++/11/bits/allocated_ptr.h:98 (raftkv_raft_tests+0x179d15)
    #4 std::__shared_count<(__gnu_cxx::_Lock_policy)2>::__shared_count<std::mutex, std::allocator<std::mutex>>(std::mutex*&, std::_Sp_alloc_shared_tag<std::allocator<std::mutex> >) /usr/include/c++/11/bits/shared_ptr_base.h:648 (raftkv_raft_tests+0x179d15)
    #5 std::__shared_ptr<std::mutex, (__gnu_cxx::_Lock_policy)2>::__shared_ptr<std::allocator<std::mutex>>(std::_Sp_alloc_shared_tag<std::allocator<std::mutex> >) /usr/include/c++/11/bits/shared_ptr_base.h:1342 (raftkv_raft_tests+0x179d15)
    #6 std::shared_ptr<std::mutex>::shared_ptr<std::allocator<std::mutex>>(std::_Sp_alloc_shared_tag<std::allocator<std::mutex> >) /usr/include/c++/11/bits/shared_ptr.h:409 (raftkv_raft_tests+0x179d15)
    #7 std::shared_ptr<std::mutex> std::allocate_shared<std::mutex, std::allocator<std::mutex>>(std::allocator<std::mutex> const&) /usr/include/c++/11/bits/shared_ptr.h:863 (raftkv_raft_tests+0x179d15)
    #8 std::shared_ptr<std::mutex> std::make_shared<std::mutex>() /usr/include/c++/11/bits/shared_ptr.h:879 (raftkv_raft_tests+0x179d15)
    #9 std::_V2::condition_variable_any::condition_variable_any() /usr/include/c++/11/condition_variable:283 (raftkv_raft_tests+0x179d15)
    #10 raftkv::raft::RaftNode::RaftNode(raftkv::raft::RaftConfig, raftkv::raft::LogStore&, raftkv::raft::StateMachine&, raftkv::raft::Transport&, raftkv::raft::Clock&, raftkv::raft::SnapshotStore*, raftkv::raft::ClusterConfig const&, raftkv::raft::Metrics*) /home/tengyujie/raft-kv-lsm/src/raft/raft_node.cpp:49 (raftkv_raft_tests+0x179d15)
    #11 RaftPerf_A13_OverwriteDuringWaitIsNotReportedAsCommitted_Test::TestBody() /home/tengyujie/raft-kv-lsm/tests/raft_perf_test.cpp:906 (raftkv_raft_tests+0x119383)
    #12 void testing::internal::HandleSehExceptionsInMethodIfSupported<testing::Test, void>(testing::Test*, void (testing::Test::*)(), char const*) <null> (raftkv_raft_tests+0x202178)
    #13 __libc_start_call_main ../sysdeps/nptl/libc_start_call_main.h:58 (libc.so.6+0x29d8f)

  Mutex M601084383926977424 is already destroyed.

SUMMARY: ThreadSanitizer: double lock of a mutex /usr/include/x86_64-linux-gnu/c++/11/bits/gthr-default.h:749 in __gthread_mutex_lock
==================
==================
WARNING: ThreadSanitizer: lock-order-inversion (potential deadlock) (pid=363407)
  Cycle in lock order graph: M252 (0x7fffffffe1d0) => M601084383926977424 (0x000000000000) => M252

  Mutex M601084383926977424 acquired here while holding mutex M252 in main thread:
    #0 pthread_mutex_lock ../../../../src/libsanitizer/sanitizer_common/sanitizer_common_interceptors.inc:4240 (libtsan.so.0+0x53908)
    #1 __gthread_mutex_lock /usr/include/x86_64-linux-gnu/c++/11/bits/gthr-default.h:749 (raftkv_raft_tests+0x170e42)
    #2 std::mutex::lock() /usr/include/c++/11/bits/std_mutex.h:100 (raftkv_raft_tests+0x170e42)
    #3 std::lock_guard<std::mutex>::lock_guard(std::mutex&) /usr/include/c++/11/bits/std_mutex.h:229 (raftkv_raft_tests+0x170e42)
    #4 std::_V2::condition_variable_any::notify_all() /usr/include/c++/11/condition_variable:299 (raftkv_raft_tests+0x170e42)
    #5 raftkv::raft::RaftNode::becomeLeader() /home/tengyujie/raft-kv-lsm/src/raft/raft_node.cpp:164 (raftkv_raft_tests+0x170e42)
    #6 raftkv::raft::RaftNode::onRequestVoteReply(int, raftkv::raft::RequestVoteReply const&) /home/tengyujie/raft-kv-lsm/src/raft/raft_node.cpp:638 (raftkv_raft_tests+0x1715cf)
    #7 operator() /home/tengyujie/raft-kv-lsm/src/raft/raft_node.cpp:418 (raftkv_raft_tests+0x171680)
    #8 __invoke_impl<void, raftkv::raft::RaftNode::tick()::<lambda(const raftkv::raft::RequestVoteReply&)>&, const raftkv::raft::RequestVoteReply&> /usr/include/c++/11/bits/invoke.h:61 (raftkv_raft_tests+0x171680)
    #9 __invoke_r<void, raftkv::raft::RaftNode::tick()::<lambda(const raftkv::raft::RequestVoteReply&)>&, const raftkv::raft::RequestVoteReply&> /usr/include/c++/11/bits/invoke.h:111 (raftkv_raft_tests+0x171680)
    #10 _M_invoke /usr/include/c++/11/bits/std_function.h:290 (raftkv_raft_tests+0x171680)
    #11 std::function<void (raftkv::raft::RequestVoteReply const&)>::operator()(raftkv::raft::RequestVoteReply const&) const /usr/include/c++/11/bits/std_function.h:590 (raftkv_raft_tests+0x11959e)
    #12 RaftPerf_A13_OverwriteDuringWaitIsNotReportedAsCommitted_Test::TestBody() /home/tengyujie/raft-kv-lsm/tests/raft_perf_test.cpp:915 (raftkv_raft_tests+0x11959e)
    #13 void testing::internal::HandleSehExceptionsInMethodIfSupported<testing::Test, void>(testing::Test*, void (testing::Test::*)(), char const*) <null> (raftkv_raft_tests+0x202178)
    #14 __libc_start_call_main ../sysdeps/nptl/libc_start_call_main.h:58 (libc.so.6+0x29d8f)

    Hint: use TSAN_OPTIONS=second_deadlock_stack=1 to get more informative warning message

  Mutex M252 acquired here while holding mutex M601084383926977424 in thread T217:
    #0 pthread_mutex_lock ../../../../src/libsanitizer/sanitizer_common/sanitizer_common_interceptors.inc:4240 (libtsan.so.0+0x53908)
    #1 __gthread_mutex_lock /usr/include/x86_64-linux-gnu/c++/11/bits/gthr-default.h:749 (raftkv_raft_tests+0x1853bd)
    #2 std::mutex::lock() /usr/include/c++/11/bits/std_mutex.h:100 (raftkv_raft_tests+0x1853bd)
    #3 raftkv::raft::ProbedMutexT<(raftkv::raft::LockClass)0>::lock() /home/tengyujie/raft-kv-lsm/src/raft/lock_probe.h:95 (raftkv_raft_tests+0x1853bd)
    #4 std::unique_lock<raftkv::raft::ProbedMutexT<(raftkv::raft::LockClass)0> >::lock() /usr/include/c++/11/bits/unique_lock.h:139 (raftkv_raft_tests+0x1853bd)
    #5 std::_V2::condition_variable_any::_Unlock<std::unique_lock<raftkv::raft::ProbedMutexT<(raftkv::raft::LockClass)0> > >::~_Unlock() /usr/include/c++/11/condition_variable:272 (raftkv_raft_tests+0x1853bd)
    #6 std::cv_status std::_V2::condition_variable_any::wait_until<std::unique_lock<raftkv::raft::ProbedMutexT<(raftkv::raft::LockClass)0> >, std::chrono::_V2::steady_clock, std::chrono::duration<long, std::ratio<1l, 1000000000l> > >(std::unique_lock<raftkv::raft::ProbedMutexT<(raftkv::raft::LockClass)0> >&, std::chrono::time_point<std::chrono::_V2::steady_clock, std::chrono::duration<long, std::ratio<1l, 1000000000l> > > const&) /usr/include/c++/11/condition_variable:337 (raftkv_raft_tests+0x1853bd)
    #7 wait_until<std::unique_lock<raftkv::raft::ProbedMutexT<(raftkv::raft::LockClass)0> >, std::chrono::_V2::steady_clock, std::chrono::duration<long int, std::ratio<1, 1000000000> >, raftkv::raft::RaftNode::awaitCommit(raftkv::raft::Index, raftkv::raft::Term, uint64_t)::<lambda()> > /usr/include/c++/11/condition_variable:347 (raftkv_raft_tests+0x17f415)
    #8 raftkv::raft::RaftNode::awaitCommit(unsigned long, unsigned long, unsigned long) /home/tengyujie/raft-kv-lsm/src/raft/raft_node.cpp:895 (raftkv_raft_tests+0x17f415)
    #9 raftkv::raft::RaftNode::propose(raftkv::raft::ClientRequest const&, unsigned long) /home/tengyujie/raft-kv-lsm/src/raft/raft_node.cpp:739 (raftkv_raft_tests+0x1801ec)
    #10 operator() /home/tengyujie/raft-kv-lsm/tests/raft_perf_test.cpp:945 (raftkv_raft_tests+0xfe926)
    #11 __invoke_impl<void, RaftPerf_A13_OverwriteDuringWaitIsNotReportedAsCommitted_Test::TestBody()::<lambda()> > /usr/include/c++/11/bits/invoke.h:61 (raftkv_raft_tests+0xfe926)
    #12 __invoke<RaftPerf_A13_OverwriteDuringWaitIsNotReportedAsCommitted_Test::TestBody()::<lambda()> > /usr/include/c++/11/bits/invoke.h:96 (raftkv_raft_tests+0xfe926)
    #13 _M_invoke<0> /usr/include/c++/11/bits/std_thread.h:259 (raftkv_raft_tests+0xfe926)
    #14 operator() /usr/include/c++/11/bits/std_thread.h:266 (raftkv_raft_tests+0xfe926)
    #15 _M_run /usr/include/c++/11/bits/std_thread.h:211 (raftkv_raft_tests+0xfe926)
    #16 <null> <null> (libstdc++.so.6+0xdc252)

  Thread T21 (tid=363727, running) created by main thread at:
    #0 pthread_create ../../../../src/libsanitizer/tsan/tsan_interceptors_posix.cpp:969 (libtsan.so.0+0x605b8)
    #1 std::thread::_M_start_thread(std::unique_ptr<std::thread::_State, std::default_delete<std::thread::_State> >, void (*)()) <null> (libstdc++.so.6+0xdc328)
    #2 void testing::internal::HandleSehExceptionsInMethodIfSupported<testing::Test, void>(testing::Test*, void (testing::Test::*)(), char const*) <null> (raftkv_raft_tests+0x202178)
    #3 __libc_start_call_main ../sysdeps/nptl/libc_start_call_main.h:58 (libc.so.6+0x29d8f)

SUMMARY: ThreadSanitizer: lock-order-inversion (potential deadlock) /usr/include/x86_64-linux-gnu/c++/11/bits/gthr-default.h:749 in __gthread_mutex_lock
==================
[       OK ] RaftPerf.A13_OverwriteDuringWaitIsNotReportedAsCommitted (81 ms)
[ RUN      ] RaftPerf.A14_SyncDoesNotBlockAppends
[       OK ] RaftPerf.A14_SyncDoesNotBlockAppends (155 ms)
[ RUN      ] RaftPerf.A15_WaitPathFlusherHandoffIsNotLost
==================
WARNING: ThreadSanitizer: double lock of a mutex (pid=363407)
    #0 pthread_mutex_lock ../../../../src/libsanitizer/sanitizer_common/sanitizer_common_interceptors.inc:4240 (libtsan.so.0+0x53908)
    #1 __gthread_mutex_lock /usr/include/x86_64-linux-gnu/c++/11/bits/gthr-default.h:749 (raftkv_raft_tests+0x185002)
    #2 std::mutex::lock() /usr/include/c++/11/bits/std_mutex.h:100 (raftkv_raft_tests+0x185002)
    #3 std::unique_lock<std::mutex>::lock() /usr/include/c++/11/bits/unique_lock.h:139 (raftkv_raft_tests+0x185002)
    #4 std::unique_lock<std::mutex>::unique_lock(std::mutex&) /usr/include/c++/11/bits/unique_lock.h:69 (raftkv_raft_tests+0x185002)
    #5 std::cv_status std::_V2::condition_variable_any::wait_until<std::unique_lock<raftkv::raft::ProbedMutexT<(raftkv::raft::LockClass)0> >, std::chrono::_V2::steady_clock, std::chrono::duration<long, std::ratio<1l, 1000000000l> > >(std::unique_lock<raftkv::raft::ProbedMutexT<(raftkv::raft::LockClass)0> >&, std::chrono::time_point<std::chrono::_V2::steady_clock, std::chrono::duration<long, std::ratio<1l, 1000000000l> > > const&) /usr/include/c++/11/condition_variable:331 (raftkv_raft_tests+0x185002)
    #6 wait_until<std::unique_lock<raftkv::raft::ProbedMutexT<(raftkv::raft::LockClass)0> >, std::chrono::_V2::steady_clock, std::chrono::duration<long int, std::ratio<1, 1000000000> >, raftkv::raft::RaftNode::awaitCommit(raftkv::raft::Index, raftkv::raft::Term, uint64_t)::<lambda()> > /usr/include/c++/11/condition_variable:347 (raftkv_raft_tests+0x17f415)
    #7 raftkv::raft::RaftNode::awaitCommit(unsigned long, unsigned long, unsigned long) /home/tengyujie/raft-kv-lsm/src/raft/raft_node.cpp:895 (raftkv_raft_tests+0x17f415)
    #8 raftkv::raft::RaftNode::propose(raftkv::raft::ClientRequest const&, unsigned long) /home/tengyujie/raft-kv-lsm/src/raft/raft_node.cpp:739 (raftkv_raft_tests+0x1801ec)
    #9 operator() /home/tengyujie/raft-kv-lsm/tests/raft_perf_test.cpp:1101 (raftkv_raft_tests+0xffe75)
    #10 __invoke_impl<void, RaftPerf_A15_WaitPathFlusherHandoffIsNotLost_Test::TestBody()::<lambda()> > /usr/include/c++/11/bits/invoke.h:61 (raftkv_raft_tests+0x1001fa)
    #11 __invoke<RaftPerf_A15_WaitPathFlusherHandoffIsNotLost_Test::TestBody()::<lambda()> > /usr/include/c++/11/bits/invoke.h:96 (raftkv_raft_tests+0x1001fa)
    #12 _M_invoke<0> /usr/include/c++/11/bits/std_thread.h:259 (raftkv_raft_tests+0x1001fa)
    #13 operator() /usr/include/c++/11/bits/std_thread.h:266 (raftkv_raft_tests+0x1001fa)
    #14 _M_run /usr/include/c++/11/bits/std_thread.h:211 (raftkv_raft_tests+0x1001fa)
    #15 <null> <null> (libstdc++.so.6+0xdc252)

  Location is heap block of size 56 at 0x7b1000005c00 allocated by main thread:
    #0 operator new(unsigned long) ../../../../src/libsanitizer/tsan/tsan_new_delete.cpp:64 (libtsan.so.0+0x8f162)
    #1 __gnu_cxx::new_allocator<std::_Sp_counted_ptr_inplace<std::mutex, std::allocator<std::mutex>, (__gnu_cxx::_Lock_policy)2> >::allocate(unsigned long, void const*) /usr/include/c++/11/ext/new_allocator.h:127 (raftkv_raft_tests+0x179d15)
    #2 std::allocator_traits<std::allocator<std::_Sp_counted_ptr_inplace<std::mutex, std::allocator<std::mutex>, (__gnu_cxx::_Lock_policy)2> > >::allocate(std::allocator<std::_Sp_counted_ptr_inplace<std::mutex, std::allocator<std::mutex>, (__gnu_cxx::_Lock_policy)2> >&, unsigned long) /usr/include/c++/11/bits/alloc_traits.h:464 (raftkv_raft_tests+0x179d15)
    #3 std::__allocated_ptr<std::allocator<std::_Sp_counted_ptr_inplace<std::mutex, std::allocator<std::mutex>, (__gnu_cxx::_Lock_policy)2> > > std::__allocate_guarded<std::allocator<std::_Sp_counted_ptr_inplace<std::mutex, std::allocator<std::mutex>, (__gnu_cxx::_Lock_policy)2> > >(std::allocator<std::_Sp_counted_ptr_inplace<std::mutex, std::allocator<std::mutex>, (__gnu_cxx::_Lock_policy)2> >&) /usr/include/c++/11/bits/allocated_ptr.h:98 (raftkv_raft_tests+0x179d15)
    #4 std::__shared_count<(__gnu_cxx::_Lock_policy)2>::__shared_count<std::mutex, std::allocator<std::mutex>>(std::mutex*&, std::_Sp_alloc_shared_tag<std::allocator<std::mutex> >) /usr/include/c++/11/bits/shared_ptr_base.h:648 (raftkv_raft_tests+0x179d15)
    #5 std::__shared_ptr<std::mutex, (__gnu_cxx::_Lock_policy)2>::__shared_ptr<std::allocator<std::mutex>>(std::_Sp_alloc_shared_tag<std::allocator<std::mutex> >) /usr/include/c++/11/bits/shared_ptr_base.h:1342 (raftkv_raft_tests+0x179d15)
    #6 std::shared_ptr<std::mutex>::shared_ptr<std::allocator<std::mutex>>(std::_Sp_alloc_shared_tag<std::allocator<std::mutex> >) /usr/include/c++/11/bits/shared_ptr.h:409 (raftkv_raft_tests+0x179d15)
    #7 std::shared_ptr<std::mutex> std::allocate_shared<std::mutex, std::allocator<std::mutex>>(std::allocator<std::mutex> const&) /usr/include/c++/11/bits/shared_ptr.h:863 (raftkv_raft_tests+0x179d15)
    #8 std::shared_ptr<std::mutex> std::make_shared<std::mutex>() /usr/include/c++/11/bits/shared_ptr.h:879 (raftkv_raft_tests+0x179d15)
    #9 std::_V2::condition_variable_any::condition_variable_any() /usr/include/c++/11/condition_variable:283 (raftkv_raft_tests+0x179d15)
    #10 raftkv::raft::RaftNode::RaftNode(raftkv::raft::RaftConfig, raftkv::raft::LogStore&, raftkv::raft::StateMachine&, raftkv::raft::Transport&, raftkv::raft::Clock&, raftkv::raft::SnapshotStore*, raftkv::raft::ClusterConfig const&, raftkv::raft::Metrics*) /home/tengyujie/raft-kv-lsm/src/raft/raft_node.cpp:49 (raftkv_raft_tests+0x179d15)
    #11 RaftPerf_A15_WaitPathFlusherHandoffIsNotLost_Test::TestBody() /home/tengyujie/raft-kv-lsm/tests/raft_perf_test.cpp:1075 (raftkv_raft_tests+0x11b986)
    #12 void testing::internal::HandleSehExceptionsInMethodIfSupported<testing::Test, void>(testing::Test*, void (testing::Test::*)(), char const*) <null> (raftkv_raft_tests+0x202178)
    #13 __libc_start_call_main ../sysdeps/nptl/libc_start_call_main.h:58 (libc.so.6+0x29d8f)

  Mutex M606995358437891088 is already destroyed.

SUMMARY: ThreadSanitizer: double lock of a mutex /usr/include/x86_64-linux-gnu/c++/11/bits/gthr-default.h:749 in __gthread_mutex_lock
==================
==================
WARNING: ThreadSanitizer: lock-order-inversion (potential deadlock) (pid=363407)
  Cycle in lock order graph: M252 (0x7fffffffe1d0) => M606995358437891088 (0x000000000000) => M252

  Mutex M606995358437891088 acquired here while holding mutex M252 in main thread:
    #0 pthread_mutex_lock ../../../../src/libsanitizer/sanitizer_common/sanitizer_common_interceptors.inc:4240 (libtsan.so.0+0x53908)
    #1 __gthread_mutex_lock /usr/include/x86_64-linux-gnu/c++/11/bits/gthr-default.h:749 (raftkv_raft_tests+0x170e42)
    #2 std::mutex::lock() /usr/include/c++/11/bits/std_mutex.h:100 (raftkv_raft_tests+0x170e42)
    #3 std::lock_guard<std::mutex>::lock_guard(std::mutex&) /usr/include/c++/11/bits/std_mutex.h:229 (raftkv_raft_tests+0x170e42)
    #4 std::_V2::condition_variable_any::notify_all() /usr/include/c++/11/condition_variable:299 (raftkv_raft_tests+0x170e42)
    #5 raftkv::raft::RaftNode::becomeLeader() /home/tengyujie/raft-kv-lsm/src/raft/raft_node.cpp:164 (raftkv_raft_tests+0x170e42)
    #6 raftkv::raft::RaftNode::startElection(unsigned long, std::vector<std::pair<int, raftkv::raft::RequestVoteArgs>, std::allocator<std::pair<int, raftkv::raft::RequestVoteArgs> > >&) /home/tengyujie/raft-kv-lsm/src/raft/raft_node.cpp:183 (raftkv_raft_tests+0x1710b3)
    #7 raftkv::raft::RaftNode::tick() /home/tengyujie/raft-kv-lsm/src/raft/raft_node.cpp:341 (raftkv_raft_tests+0x17c773)
    #8 RaftPerf_A15_WaitPathFlusherHandoffIsNotLost_Test::TestBody() /home/tengyujie/raft-kv-lsm/tests/raft_perf_test.cpp:1078 (raftkv_raft_tests+0x11baa1)
    #9 void testing::internal::HandleSehExceptionsInMethodIfSupported<testing::Test, void>(testing::Test*, void (testing::Test::*)(), char const*) <null> (raftkv_raft_tests+0x202178)
    #10 __libc_start_call_main ../sysdeps/nptl/libc_start_call_main.h:58 (libc.so.6+0x29d8f)

    Hint: use TSAN_OPTIONS=second_deadlock_stack=1 to get more informative warning message

  Mutex M252 acquired here while holding mutex M606995358437891088 in thread T220:
    #0 pthread_mutex_lock ../../../../src/libsanitizer/sanitizer_common/sanitizer_common_interceptors.inc:4240 (libtsan.so.0+0x53908)
    #1 __gthread_mutex_lock /usr/include/x86_64-linux-gnu/c++/11/bits/gthr-default.h:749 (raftkv_raft_tests+0x1853bd)
    #2 std::mutex::lock() /usr/include/c++/11/bits/std_mutex.h:100 (raftkv_raft_tests+0x1853bd)
    #3 raftkv::raft::ProbedMutexT<(raftkv::raft::LockClass)0>::lock() /home/tengyujie/raft-kv-lsm/src/raft/lock_probe.h:95 (raftkv_raft_tests+0x1853bd)
    #4 std::unique_lock<raftkv::raft::ProbedMutexT<(raftkv::raft::LockClass)0> >::lock() /usr/include/c++/11/bits/unique_lock.h:139 (raftkv_raft_tests+0x1853bd)
    #5 std::_V2::condition_variable_any::_Unlock<std::unique_lock<raftkv::raft::ProbedMutexT<(raftkv::raft::LockClass)0> > >::~_Unlock() /usr/include/c++/11/condition_variable:272 (raftkv_raft_tests+0x1853bd)
    #6 std::cv_status std::_V2::condition_variable_any::wait_until<std::unique_lock<raftkv::raft::ProbedMutexT<(raftkv::raft::LockClass)0> >, std::chrono::_V2::steady_clock, std::chrono::duration<long, std::ratio<1l, 1000000000l> > >(std::unique_lock<raftkv::raft::ProbedMutexT<(raftkv::raft::LockClass)0> >&, std::chrono::time_point<std::chrono::_V2::steady_clock, std::chrono::duration<long, std::ratio<1l, 1000000000l> > > const&) /usr/include/c++/11/condition_variable:337 (raftkv_raft_tests+0x1853bd)
    #7 wait_until<std::unique_lock<raftkv::raft::ProbedMutexT<(raftkv::raft::LockClass)0> >, std::chrono::_V2::steady_clock, std::chrono::duration<long int, std::ratio<1, 1000000000> >, raftkv::raft::RaftNode::awaitCommit(raftkv::raft::Index, raftkv::raft::Term, uint64_t)::<lambda()> > /usr/include/c++/11/condition_variable:347 (raftkv_raft_tests+0x17f415)
    #8 raftkv::raft::RaftNode::awaitCommit(unsigned long, unsigned long, unsigned long) /home/tengyujie/raft-kv-lsm/src/raft/raft_node.cpp:895 (raftkv_raft_tests+0x17f415)
    #9 raftkv::raft::RaftNode::propose(raftkv::raft::ClientRequest const&, unsigned long) /home/tengyujie/raft-kv-lsm/src/raft/raft_node.cpp:739 (raftkv_raft_tests+0x1801ec)
    #10 operator() /home/tengyujie/raft-kv-lsm/tests/raft_perf_test.cpp:1101 (raftkv_raft_tests+0xffe75)
    #11 __invoke_impl<void, RaftPerf_A15_WaitPathFlusherHandoffIsNotLost_Test::TestBody()::<lambda()> > /usr/include/c++/11/bits/invoke.h:61 (raftkv_raft_tests+0x1001fa)
    #12 __invoke<RaftPerf_A15_WaitPathFlusherHandoffIsNotLost_Test::TestBody()::<lambda()> > /usr/include/c++/11/bits/invoke.h:96 (raftkv_raft_tests+0x1001fa)
    #13 _M_invoke<0> /usr/include/c++/11/bits/std_thread.h:259 (raftkv_raft_tests+0x1001fa)
    #14 operator() /usr/include/c++/11/bits/std_thread.h:266 (raftkv_raft_tests+0x1001fa)
    #15 _M_run /usr/include/c++/11/bits/std_thread.h:211 (raftkv_raft_tests+0x1001fa)
    #16 <null> <null> (libstdc++.so.6+0xdc252)

  Thread T20 (tid=363730, running) created by main thread at:
    #0 pthread_create ../../../../src/libsanitizer/tsan/tsan_interceptors_posix.cpp:969 (libtsan.so.0+0x605b8)
    #1 std::thread::_M_start_thread(std::unique_ptr<std::thread::_State, std::default_delete<std::thread::_State> >, void (*)()) <null> (libstdc++.so.6+0xdc328)
    #2 void testing::internal::HandleSehExceptionsInMethodIfSupported<testing::Test, void>(testing::Test*, void (testing::Test::*)(), char const*) <null> (raftkv_raft_tests+0x202178)
    #3 __libc_start_call_main ../sysdeps/nptl/libc_start_call_main.h:58 (libc.so.6+0x29d8f)

SUMMARY: ThreadSanitizer: lock-order-inversion (potential deadlock) /usr/include/x86_64-linux-gnu/c++/11/bits/gthr-default.h:749 in __gthread_mutex_lock
==================
==================
WARNING: ThreadSanitizer: double lock of a mutex (pid=363407)
    #0 pthread_mutex_lock ../../../../src/libsanitizer/sanitizer_common/sanitizer_common_interceptors.inc:4240 (libtsan.so.0+0x53908)
    #1 __gthread_mutex_lock /usr/include/x86_64-linux-gnu/c++/11/bits/gthr-default.h:749 (raftkv_raft_tests+0x185002)
    #2 std::mutex::lock() /usr/include/c++/11/bits/std_mutex.h:100 (raftkv_raft_tests+0x185002)
    #3 std::unique_lock<std::mutex>::lock() /usr/include/c++/11/bits/unique_lock.h:139 (raftkv_raft_tests+0x185002)
    #4 std::unique_lock<std::mutex>::unique_lock(std::mutex&) /usr/include/c++/11/bits/unique_lock.h:69 (raftkv_raft_tests+0x185002)
    #5 std::cv_status std::_V2::condition_variable_any::wait_until<std::unique_lock<raftkv::raft::ProbedMutexT<(raftkv::raft::LockClass)0> >, std::chrono::_V2::steady_clock, std::chrono::duration<long, std::ratio<1l, 1000000000l> > >(std::unique_lock<raftkv::raft::ProbedMutexT<(raftkv::raft::LockClass)0> >&, std::chrono::time_point<std::chrono::_V2::steady_clock, std::chrono::duration<long, std::ratio<1l, 1000000000l> > > const&) /usr/include/c++/11/condition_variable:331 (raftkv_raft_tests+0x185002)
    #6 wait_until<std::unique_lock<raftkv::raft::ProbedMutexT<(raftkv::raft::LockClass)0> >, std::chrono::_V2::steady_clock, std::chrono::duration<long int, std::ratio<1, 1000000000> >, raftkv::raft::RaftNode::awaitCommit(raftkv::raft::Index, raftkv::raft::Term, uint64_t)::<lambda()> > /usr/include/c++/11/condition_variable:347 (raftkv_raft_tests+0x17f415)
    #7 raftkv::raft::RaftNode::awaitCommit(unsigned long, unsigned long, unsigned long) /home/tengyujie/raft-kv-lsm/src/raft/raft_node.cpp:895 (raftkv_raft_tests+0x17f415)
    #8 raftkv::raft::RaftNode::propose(raftkv::raft::ClientRequest const&, unsigned long) /home/tengyujie/raft-kv-lsm/src/raft/raft_node.cpp:739 (raftkv_raft_tests+0x1801ec)
    #9 operator() /home/tengyujie/raft-kv-lsm/tests/raft_perf_test.cpp:1101 (raftkv_raft_tests+0xffe75)
    #10 __invoke_impl<void, RaftPerf_A15_WaitPathFlusherHandoffIsNotLost_Test::TestBody()::<lambda()> > /usr/include/c++/11/bits/invoke.h:61 (raftkv_raft_tests+0x1001fa)
    #11 __invoke<RaftPerf_A15_WaitPathFlusherHandoffIsNotLost_Test::TestBody()::<lambda()> > /usr/include/c++/11/bits/invoke.h:96 (raftkv_raft_tests+0x1001fa)
    #12 _M_invoke<0> /usr/include/c++/11/bits/std_thread.h:259 (raftkv_raft_tests+0x1001fa)
    #13 operator() /usr/include/c++/11/bits/std_thread.h:266 (raftkv_raft_tests+0x1001fa)
    #14 _M_run /usr/include/c++/11/bits/std_thread.h:211 (raftkv_raft_tests+0x1001fa)
    #15 <null> <null> (libstdc++.so.6+0xdc252)

  Location is heap block of size 56 at 0x7b1000005c00 allocated by main thread:
    #0 operator new(unsigned long) ../../../../src/libsanitizer/tsan/tsan_new_delete.cpp:64 (libtsan.so.0+0x8f162)
    #1 __gnu_cxx::new_allocator<std::_Sp_counted_ptr_inplace<std::mutex, std::allocator<std::mutex>, (__gnu_cxx::_Lock_policy)2> >::allocate(unsigned long, void const*) /usr/include/c++/11/ext/new_allocator.h:127 (raftkv_raft_tests+0x179d15)
    #2 std::allocator_traits<std::allocator<std::_Sp_counted_ptr_inplace<std::mutex, std::allocator<std::mutex>, (__gnu_cxx::_Lock_policy)2> > >::allocate(std::allocator<std::_Sp_counted_ptr_inplace<std::mutex, std::allocator<std::mutex>, (__gnu_cxx::_Lock_policy)2> >&, unsigned long) /usr/include/c++/11/bits/alloc_traits.h:464 (raftkv_raft_tests+0x179d15)
    #3 std::__allocated_ptr<std::allocator<std::_Sp_counted_ptr_inplace<std::mutex, std::allocator<std::mutex>, (__gnu_cxx::_Lock_policy)2> > > std::__allocate_guarded<std::allocator<std::_Sp_counted_ptr_inplace<std::mutex, std::allocator<std::mutex>, (__gnu_cxx::_Lock_policy)2> > >(std::allocator<std::_Sp_counted_ptr_inplace<std::mutex, std::allocator<std::mutex>, (__gnu_cxx::_Lock_policy)2> >&) /usr/include/c++/11/bits/allocated_ptr.h:98 (raftkv_raft_tests+0x179d15)
    #4 std::__shared_count<(__gnu_cxx::_Lock_policy)2>::__shared_count<std::mutex, std::allocator<std::mutex>>(std::mutex*&, std::_Sp_alloc_shared_tag<std::allocator<std::mutex> >) /usr/include/c++/11/bits/shared_ptr_base.h:648 (raftkv_raft_tests+0x179d15)
    #5 std::__shared_ptr<std::mutex, (__gnu_cxx::_Lock_policy)2>::__shared_ptr<std::allocator<std::mutex>>(std::_Sp_alloc_shared_tag<std::allocator<std::mutex> >) /usr/include/c++/11/bits/shared_ptr_base.h:1342 (raftkv_raft_tests+0x179d15)
    #6 std::shared_ptr<std::mutex>::shared_ptr<std::allocator<std::mutex>>(std::_Sp_alloc_shared_tag<std::allocator<std::mutex> >) /usr/include/c++/11/bits/shared_ptr.h:409 (raftkv_raft_tests+0x179d15)
    #7 std::shared_ptr<std::mutex> std::allocate_shared<std::mutex, std::allocator<std::mutex>>(std::allocator<std::mutex> const&) /usr/include/c++/11/bits/shared_ptr.h:863 (raftkv_raft_tests+0x179d15)
    #8 std::shared_ptr<std::mutex> std::make_shared<std::mutex>() /usr/include/c++/11/bits/shared_ptr.h:879 (raftkv_raft_tests+0x179d15)
    #9 std::_V2::condition_variable_any::condition_variable_any() /usr/include/c++/11/condition_variable:283 (raftkv_raft_tests+0x179d15)
    #10 raftkv::raft::RaftNode::RaftNode(raftkv::raft::RaftConfig, raftkv::raft::LogStore&, raftkv::raft::StateMachine&, raftkv::raft::Transport&, raftkv::raft::Clock&, raftkv::raft::SnapshotStore*, raftkv::raft::ClusterConfig const&, raftkv::raft::Metrics*) /home/tengyujie/raft-kv-lsm/src/raft/raft_node.cpp:49 (raftkv_raft_tests+0x179d15)
    #11 RaftPerf_A15_WaitPathFlusherHandoffIsNotLost_Test::TestBody() /home/tengyujie/raft-kv-lsm/tests/raft_perf_test.cpp:1075 (raftkv_raft_tests+0x11b986)
    #12 void testing::internal::HandleSehExceptionsInMethodIfSupported<testing::Test, void>(testing::Test*, void (testing::Test::*)(), char const*) <null> (raftkv_raft_tests+0x202178)
    #13 __libc_start_call_main ../sysdeps/nptl/libc_start_call_main.h:58 (libc.so.6+0x29d8f)

  Mutex M610373058158418960 is already destroyed.

SUMMARY: ThreadSanitizer: double lock of a mutex /usr/include/x86_64-linux-gnu/c++/11/bits/gthr-default.h:749 in __gthread_mutex_lock
==================
==================
WARNING: ThreadSanitizer: lock-order-inversion (potential deadlock) (pid=363407)
  Cycle in lock order graph: M252 (0x7fffffffe1d0) => M610373058158418960 (0x000000000000) => M252

  Mutex M610373058158418960 acquired here while holding mutex M252 in main thread:
    #0 pthread_mutex_lock ../../../../src/libsanitizer/sanitizer_common/sanitizer_common_interceptors.inc:4240 (libtsan.so.0+0x53908)
    #1 __gthread_mutex_lock /usr/include/x86_64-linux-gnu/c++/11/bits/gthr-default.h:749 (raftkv_raft_tests+0x170e42)
    #2 std::mutex::lock() /usr/include/c++/11/bits/std_mutex.h:100 (raftkv_raft_tests+0x170e42)
    #3 std::lock_guard<std::mutex>::lock_guard(std::mutex&) /usr/include/c++/11/bits/std_mutex.h:229 (raftkv_raft_tests+0x170e42)
    #4 std::_V2::condition_variable_any::notify_all() /usr/include/c++/11/condition_variable:299 (raftkv_raft_tests+0x170e42)
    #5 raftkv::raft::RaftNode::becomeLeader() /home/tengyujie/raft-kv-lsm/src/raft/raft_node.cpp:164 (raftkv_raft_tests+0x170e42)
    #6 raftkv::raft::RaftNode::startElection(unsigned long, std::vector<std::pair<int, raftkv::raft::RequestVoteArgs>, std::allocator<std::pair<int, raftkv::raft::RequestVoteArgs> > >&) /home/tengyujie/raft-kv-lsm/src/raft/raft_node.cpp:183 (raftkv_raft_tests+0x1710b3)
    #7 raftkv::raft::RaftNode::tick() /home/tengyujie/raft-kv-lsm/src/raft/raft_node.cpp:341 (raftkv_raft_tests+0x17c773)
    #8 RaftPerf_A15_WaitPathFlusherHandoffIsNotLost_Test::TestBody() /home/tengyujie/raft-kv-lsm/tests/raft_perf_test.cpp:1078 (raftkv_raft_tests+0x11baa1)
    #9 void testing::internal::HandleSehExceptionsInMethodIfSupported<testing::Test, void>(testing::Test*, void (testing::Test::*)(), char const*) <null> (raftkv_raft_tests+0x202178)
    #10 __libc_start_call_main ../sysdeps/nptl/libc_start_call_main.h:58 (libc.so.6+0x29d8f)

    Hint: use TSAN_OPTIONS=second_deadlock_stack=1 to get more informative warning message

  Mutex M252 acquired here while holding mutex M610373058158418960 in thread T227:
    #0 pthread_mutex_lock ../../../../src/libsanitizer/sanitizer_common/sanitizer_common_interceptors.inc:4240 (libtsan.so.0+0x53908)
    #1 __gthread_mutex_lock /usr/include/x86_64-linux-gnu/c++/11/bits/gthr-default.h:749 (raftkv_raft_tests+0x1853bd)
    #2 std::mutex::lock() /usr/include/c++/11/bits/std_mutex.h:100 (raftkv_raft_tests+0x1853bd)
    #3 raftkv::raft::ProbedMutexT<(raftkv::raft::LockClass)0>::lock() /home/tengyujie/raft-kv-lsm/src/raft/lock_probe.h:95 (raftkv_raft_tests+0x1853bd)
    #4 std::unique_lock<raftkv::raft::ProbedMutexT<(raftkv::raft::LockClass)0> >::lock() /usr/include/c++/11/bits/unique_lock.h:139 (raftkv_raft_tests+0x1853bd)
    #5 std::_V2::condition_variable_any::_Unlock<std::unique_lock<raftkv::raft::ProbedMutexT<(raftkv::raft::LockClass)0> > >::~_Unlock() /usr/include/c++/11/condition_variable:272 (raftkv_raft_tests+0x1853bd)
    #6 std::cv_status std::_V2::condition_variable_any::wait_until<std::unique_lock<raftkv::raft::ProbedMutexT<(raftkv::raft::LockClass)0> >, std::chrono::_V2::steady_clock, std::chrono::duration<long, std::ratio<1l, 1000000000l> > >(std::unique_lock<raftkv::raft::ProbedMutexT<(raftkv::raft::LockClass)0> >&, std::chrono::time_point<std::chrono::_V2::steady_clock, std::chrono::duration<long, std::ratio<1l, 1000000000l> > > const&) /usr/include/c++/11/condition_variable:337 (raftkv_raft_tests+0x1853bd)
    #7 wait_until<std::unique_lock<raftkv::raft::ProbedMutexT<(raftkv::raft::LockClass)0> >, std::chrono::_V2::steady_clock, std::chrono::duration<long int, std::ratio<1, 1000000000> >, raftkv::raft::RaftNode::awaitCommit(raftkv::raft::Index, raftkv::raft::Term, uint64_t)::<lambda()> > /usr/include/c++/11/condition_variable:347 (raftkv_raft_tests+0x17f415)
    #8 raftkv::raft::RaftNode::awaitCommit(unsigned long, unsigned long, unsigned long) /home/tengyujie/raft-kv-lsm/src/raft/raft_node.cpp:895 (raftkv_raft_tests+0x17f415)
    #9 raftkv::raft::RaftNode::propose(raftkv::raft::ClientRequest const&, unsigned long) /home/tengyujie/raft-kv-lsm/src/raft/raft_node.cpp:739 (raftkv_raft_tests+0x1801ec)
    #10 operator() /home/tengyujie/raft-kv-lsm/tests/raft_perf_test.cpp:1101 (raftkv_raft_tests+0xffe75)
    #11 __invoke_impl<void, RaftPerf_A15_WaitPathFlusherHandoffIsNotLost_Test::TestBody()::<lambda()> > /usr/include/c++/11/bits/invoke.h:61 (raftkv_raft_tests+0x1001fa)
    #12 __invoke<RaftPerf_A15_WaitPathFlusherHandoffIsNotLost_Test::TestBody()::<lambda()> > /usr/include/c++/11/bits/invoke.h:96 (raftkv_raft_tests+0x1001fa)
    #13 _M_invoke<0> /usr/include/c++/11/bits/std_thread.h:259 (raftkv_raft_tests+0x1001fa)
    #14 operator() /usr/include/c++/11/bits/std_thread.h:266 (raftkv_raft_tests+0x1001fa)
    #15 _M_run /usr/include/c++/11/bits/std_thread.h:211 (raftkv_raft_tests+0x1001fa)
    #16 <null> <null> (libstdc++.so.6+0xdc252)

  Thread T3 (tid=363737, running) created by main thread at:
    #0 pthread_create ../../../../src/libsanitizer/tsan/tsan_interceptors_posix.cpp:969 (libtsan.so.0+0x605b8)
    #1 std::thread::_M_start_thread(std::unique_ptr<std::thread::_State, std::default_delete<std::thread::_State> >, void (*)()) <null> (libstdc++.so.6+0xdc328)
    #2 void testing::internal::HandleSehExceptionsInMethodIfSupported<testing::Test, void>(testing::Test*, void (testing::Test::*)(), char const*) <null> (raftkv_raft_tests+0x202178)
    #3 __libc_start_call_main ../sysdeps/nptl/libc_start_call_main.h:58 (libc.so.6+0x29d8f)

SUMMARY: ThreadSanitizer: lock-order-inversion (potential deadlock) /usr/include/x86_64-linux-gnu/c++/11/bits/gthr-default.h:749 in __gthread_mutex_lock
==================
==================
WARNING: ThreadSanitizer: double lock of a mutex (pid=363407)
    #0 pthread_mutex_lock ../../../../src/libsanitizer/sanitizer_common/sanitizer_common_interceptors.inc:4240 (libtsan.so.0+0x53908)
    #1 __gthread_mutex_lock /usr/include/x86_64-linux-gnu/c++/11/bits/gthr-default.h:749 (raftkv_raft_tests+0x185002)
    #2 std::mutex::lock() /usr/include/c++/11/bits/std_mutex.h:100 (raftkv_raft_tests+0x185002)
    #3 std::unique_lock<std::mutex>::lock() /usr/include/c++/11/bits/unique_lock.h:139 (raftkv_raft_tests+0x185002)
    #4 std::unique_lock<std::mutex>::unique_lock(std::mutex&) /usr/include/c++/11/bits/unique_lock.h:69 (raftkv_raft_tests+0x185002)
    #5 std::cv_status std::_V2::condition_variable_any::wait_until<std::unique_lock<raftkv::raft::ProbedMutexT<(raftkv::raft::LockClass)0> >, std::chrono::_V2::steady_clock, std::chrono::duration<long, std::ratio<1l, 1000000000l> > >(std::unique_lock<raftkv::raft::ProbedMutexT<(raftkv::raft::LockClass)0> >&, std::chrono::time_point<std::chrono::_V2::steady_clock, std::chrono::duration<long, std::ratio<1l, 1000000000l> > > const&) /usr/include/c++/11/condition_variable:331 (raftkv_raft_tests+0x185002)
    #6 wait_until<std::unique_lock<raftkv::raft::ProbedMutexT<(raftkv::raft::LockClass)0> >, std::chrono::_V2::steady_clock, std::chrono::duration<long int, std::ratio<1, 1000000000> >, raftkv::raft::RaftNode::awaitCommit(raftkv::raft::Index, raftkv::raft::Term, uint64_t)::<lambda()> > /usr/include/c++/11/condition_variable:347 (raftkv_raft_tests+0x17f415)
    #7 raftkv::raft::RaftNode::awaitCommit(unsigned long, unsigned long, unsigned long) /home/tengyujie/raft-kv-lsm/src/raft/raft_node.cpp:895 (raftkv_raft_tests+0x17f415)
    #8 raftkv::raft::RaftNode::propose(raftkv::raft::ClientRequest const&, unsigned long) /home/tengyujie/raft-kv-lsm/src/raft/raft_node.cpp:739 (raftkv_raft_tests+0x1801ec)
    #9 operator() /home/tengyujie/raft-kv-lsm/tests/raft_perf_test.cpp:1101 (raftkv_raft_tests+0xffe75)
    #10 __invoke_impl<void, RaftPerf_A15_WaitPathFlusherHandoffIsNotLost_Test::TestBody()::<lambda()> > /usr/include/c++/11/bits/invoke.h:61 (raftkv_raft_tests+0x1001fa)
    #11 __invoke<RaftPerf_A15_WaitPathFlusherHandoffIsNotLost_Test::TestBody()::<lambda()> > /usr/include/c++/11/bits/invoke.h:96 (raftkv_raft_tests+0x1001fa)
    #12 _M_invoke<0> /usr/include/c++/11/bits/std_thread.h:259 (raftkv_raft_tests+0x1001fa)
    #13 operator() /usr/include/c++/11/bits/std_thread.h:266 (raftkv_raft_tests+0x1001fa)
    #14 _M_run /usr/include/c++/11/bits/std_thread.h:211 (raftkv_raft_tests+0x1001fa)
    #15 <null> <null> (libstdc++.so.6+0xdc252)

  Location is heap block of size 56 at 0x7b1000005c00 allocated by main thread:
    #0 operator new(unsigned long) ../../../../src/libsanitizer/tsan/tsan_new_delete.cpp:64 (libtsan.so.0+0x8f162)
    #1 __gnu_cxx::new_allocator<std::_Sp_counted_ptr_inplace<std::mutex, std::allocator<std::mutex>, (__gnu_cxx::_Lock_policy)2> >::allocate(unsigned long, void const*) /usr/include/c++/11/ext/new_allocator.h:127 (raftkv_raft_tests+0x179d15)
    #2 std::allocator_traits<std::allocator<std::_Sp_counted_ptr_inplace<std::mutex, std::allocator<std::mutex>, (__gnu_cxx::_Lock_policy)2> > >::allocate(std::allocator<std::_Sp_counted_ptr_inplace<std::mutex, std::allocator<std::mutex>, (__gnu_cxx::_Lock_policy)2> >&, unsigned long) /usr/include/c++/11/bits/alloc_traits.h:464 (raftkv_raft_tests+0x179d15)
    #3 std::__allocated_ptr<std::allocator<std::_Sp_counted_ptr_inplace<std::mutex, std::allocator<std::mutex>, (__gnu_cxx::_Lock_policy)2> > > std::__allocate_guarded<std::allocator<std::_Sp_counted_ptr_inplace<std::mutex, std::allocator<std::mutex>, (__gnu_cxx::_Lock_policy)2> > >(std::allocator<std::_Sp_counted_ptr_inplace<std::mutex, std::allocator<std::mutex>, (__gnu_cxx::_Lock_policy)2> >&) /usr/include/c++/11/bits/allocated_ptr.h:98 (raftkv_raft_tests+0x179d15)
    #4 std::__shared_count<(__gnu_cxx::_Lock_policy)2>::__shared_count<std::mutex, std::allocator<std::mutex>>(std::mutex*&, std::_Sp_alloc_shared_tag<std::allocator<std::mutex> >) /usr/include/c++/11/bits/shared_ptr_base.h:648 (raftkv_raft_tests+0x179d15)
    #5 std::__shared_ptr<std::mutex, (__gnu_cxx::_Lock_policy)2>::__shared_ptr<std::allocator<std::mutex>>(std::_Sp_alloc_shared_tag<std::allocator<std::mutex> >) /usr/include/c++/11/bits/shared_ptr_base.h:1342 (raftkv_raft_tests+0x179d15)
    #6 std::shared_ptr<std::mutex>::shared_ptr<std::allocator<std::mutex>>(std::_Sp_alloc_shared_tag<std::allocator<std::mutex> >) /usr/include/c++/11/bits/shared_ptr.h:409 (raftkv_raft_tests+0x179d15)
    #7 std::shared_ptr<std::mutex> std::allocate_shared<std::mutex, std::allocator<std::mutex>>(std::allocator<std::mutex> const&) /usr/include/c++/11/bits/shared_ptr.h:863 (raftkv_raft_tests+0x179d15)
    #8 std::shared_ptr<std::mutex> std::make_shared<std::mutex>() /usr/include/c++/11/bits/shared_ptr.h:879 (raftkv_raft_tests+0x179d15)
    #9 std::_V2::condition_variable_any::condition_variable_any() /usr/include/c++/11/condition_variable:283 (raftkv_raft_tests+0x179d15)
    #10 raftkv::raft::RaftNode::RaftNode(raftkv::raft::RaftConfig, raftkv::raft::LogStore&, raftkv::raft::StateMachine&, raftkv::raft::Transport&, raftkv::raft::Clock&, raftkv::raft::SnapshotStore*, raftkv::raft::ClusterConfig const&, raftkv::raft::Metrics*) /home/tengyujie/raft-kv-lsm/src/raft/raft_node.cpp:49 (raftkv_raft_tests+0x179d15)
    #11 RaftPerf_A15_WaitPathFlusherHandoffIsNotLost_Test::TestBody() /home/tengyujie/raft-kv-lsm/tests/raft_perf_test.cpp:1075 (raftkv_raft_tests+0x11b986)
    #12 void testing::internal::HandleSehExceptionsInMethodIfSupported<testing::Test, void>(testing::Test*, void (testing::Test::*)(), char const*) <null> (raftkv_raft_tests+0x202178)
    #13 __libc_start_call_main ../sysdeps/nptl/libc_start_call_main.h:58 (libc.so.6+0x29d8f)

  Mutex M612906332948814864 is already destroyed.

SUMMARY: ThreadSanitizer: double lock of a mutex /usr/include/x86_64-linux-gnu/c++/11/bits/gthr-default.h:749 in __gthread_mutex_lock
==================
==================
WARNING: ThreadSanitizer: lock-order-inversion (potential deadlock) (pid=363407)
  Cycle in lock order graph: M252 (0x7fffffffe1d0) => M612906332948814864 (0x000000000000) => M252

  Mutex M612906332948814864 acquired here while holding mutex M252 in main thread:
    #0 pthread_mutex_lock ../../../../src/libsanitizer/sanitizer_common/sanitizer_common_interceptors.inc:4240 (libtsan.so.0+0x53908)
    #1 __gthread_mutex_lock /usr/include/x86_64-linux-gnu/c++/11/bits/gthr-default.h:749 (raftkv_raft_tests+0x170e42)
    #2 std::mutex::lock() /usr/include/c++/11/bits/std_mutex.h:100 (raftkv_raft_tests+0x170e42)
    #3 std::lock_guard<std::mutex>::lock_guard(std::mutex&) /usr/include/c++/11/bits/std_mutex.h:229 (raftkv_raft_tests+0x170e42)
    #4 std::_V2::condition_variable_any::notify_all() /usr/include/c++/11/condition_variable:299 (raftkv_raft_tests+0x170e42)
    #5 raftkv::raft::RaftNode::becomeLeader() /home/tengyujie/raft-kv-lsm/src/raft/raft_node.cpp:164 (raftkv_raft_tests+0x170e42)
    #6 raftkv::raft::RaftNode::startElection(unsigned long, std::vector<std::pair<int, raftkv::raft::RequestVoteArgs>, std::allocator<std::pair<int, raftkv::raft::RequestVoteArgs> > >&) /home/tengyujie/raft-kv-lsm/src/raft/raft_node.cpp:183 (raftkv_raft_tests+0x1710b3)
    #7 raftkv::raft::RaftNode::tick() /home/tengyujie/raft-kv-lsm/src/raft/raft_node.cpp:341 (raftkv_raft_tests+0x17c773)
    #8 RaftPerf_A15_WaitPathFlusherHandoffIsNotLost_Test::TestBody() /home/tengyujie/raft-kv-lsm/tests/raft_perf_test.cpp:1078 (raftkv_raft_tests+0x11baa1)
    #9 void testing::internal::HandleSehExceptionsInMethodIfSupported<testing::Test, void>(testing::Test*, void (testing::Test::*)(), char const*) <null> (raftkv_raft_tests+0x202178)
    #10 __libc_start_call_main ../sysdeps/nptl/libc_start_call_main.h:58 (libc.so.6+0x29d8f)

    Hint: use TSAN_OPTIONS=second_deadlock_stack=1 to get more informative warning message

  Mutex M252 acquired here while holding mutex M612906332948814864 in thread T239:
    #0 pthread_mutex_lock ../../../../src/libsanitizer/sanitizer_common/sanitizer_common_interceptors.inc:4240 (libtsan.so.0+0x53908)
    #1 __gthread_mutex_lock /usr/include/x86_64-linux-gnu/c++/11/bits/gthr-default.h:749 (raftkv_raft_tests+0x1853bd)
    #2 std::mutex::lock() /usr/include/c++/11/bits/std_mutex.h:100 (raftkv_raft_tests+0x1853bd)
    #3 raftkv::raft::ProbedMutexT<(raftkv::raft::LockClass)0>::lock() /home/tengyujie/raft-kv-lsm/src/raft/lock_probe.h:95 (raftkv_raft_tests+0x1853bd)
    #4 std::unique_lock<raftkv::raft::ProbedMutexT<(raftkv::raft::LockClass)0> >::lock() /usr/include/c++/11/bits/unique_lock.h:139 (raftkv_raft_tests+0x1853bd)
    #5 std::_V2::condition_variable_any::_Unlock<std::unique_lock<raftkv::raft::ProbedMutexT<(raftkv::raft::LockClass)0> > >::~_Unlock() /usr/include/c++/11/condition_variable:272 (raftkv_raft_tests+0x1853bd)
    #6 std::cv_status std::_V2::condition_variable_any::wait_until<std::unique_lock<raftkv::raft::ProbedMutexT<(raftkv::raft::LockClass)0> >, std::chrono::_V2::steady_clock, std::chrono::duration<long, std::ratio<1l, 1000000000l> > >(std::unique_lock<raftkv::raft::ProbedMutexT<(raftkv::raft::LockClass)0> >&, std::chrono::time_point<std::chrono::_V2::steady_clock, std::chrono::duration<long, std::ratio<1l, 1000000000l> > > const&) /usr/include/c++/11/condition_variable:337 (raftkv_raft_tests+0x1853bd)
    #7 wait_until<std::unique_lock<raftkv::raft::ProbedMutexT<(raftkv::raft::LockClass)0> >, std::chrono::_V2::steady_clock, std::chrono::duration<long int, std::ratio<1, 1000000000> >, raftkv::raft::RaftNode::awaitCommit(raftkv::raft::Index, raftkv::raft::Term, uint64_t)::<lambda()> > /usr/include/c++/11/condition_variable:347 (raftkv_raft_tests+0x17f415)
    #8 raftkv::raft::RaftNode::awaitCommit(unsigned long, unsigned long, unsigned long) /home/tengyujie/raft-kv-lsm/src/raft/raft_node.cpp:895 (raftkv_raft_tests+0x17f415)
    #9 raftkv::raft::RaftNode::propose(raftkv::raft::ClientRequest const&, unsigned long) /home/tengyujie/raft-kv-lsm/src/raft/raft_node.cpp:739 (raftkv_raft_tests+0x1801ec)
    #10 operator() /home/tengyujie/raft-kv-lsm/tests/raft_perf_test.cpp:1101 (raftkv_raft_tests+0xffe75)
    #11 __invoke_impl<void, RaftPerf_A15_WaitPathFlusherHandoffIsNotLost_Test::TestBody()::<lambda()> > /usr/include/c++/11/bits/invoke.h:61 (raftkv_raft_tests+0x1001fa)
    #12 __invoke<RaftPerf_A15_WaitPathFlusherHandoffIsNotLost_Test::TestBody()::<lambda()> > /usr/include/c++/11/bits/invoke.h:96 (raftkv_raft_tests+0x1001fa)
    #13 _M_invoke<0> /usr/include/c++/11/bits/std_thread.h:259 (raftkv_raft_tests+0x1001fa)
    #14 operator() /usr/include/c++/11/bits/std_thread.h:266 (raftkv_raft_tests+0x1001fa)
    #15 _M_run /usr/include/c++/11/bits/std_thread.h:211 (raftkv_raft_tests+0x1001fa)
    #16 <null> <null> (libstdc++.so.6+0xdc252)

  Thread T14 (tid=363749, running) created by main thread at:
    #0 pthread_create ../../../../src/libsanitizer/tsan/tsan_interceptors_posix.cpp:969 (libtsan.so.0+0x605b8)
    #1 std::thread::_M_start_thread(std::unique_ptr<std::thread::_State, std::default_delete<std::thread::_State> >, void (*)()) <null> (libstdc++.so.6+0xdc328)
    #2 void testing::internal::HandleSehExceptionsInMethodIfSupported<testing::Test, void>(testing::Test*, void (testing::Test::*)(), char const*) <null> (raftkv_raft_tests+0x202178)
    #3 __libc_start_call_main ../sysdeps/nptl/libc_start_call_main.h:58 (libc.so.6+0x29d8f)

SUMMARY: ThreadSanitizer: lock-order-inversion (potential deadlock) /usr/include/x86_64-linux-gnu/c++/11/bits/gthr-default.h:749 in __gthread_mutex_lock
==================
==================
WARNING: ThreadSanitizer: double lock of a mutex (pid=363407)
    #0 pthread_mutex_lock ../../../../src/libsanitizer/sanitizer_common/sanitizer_common_interceptors.inc:4240 (libtsan.so.0+0x53908)
    #1 __gthread_mutex_lock /usr/include/x86_64-linux-gnu/c++/11/bits/gthr-default.h:749 (raftkv_raft_tests+0x185002)
    #2 std::mutex::lock() /usr/include/c++/11/bits/std_mutex.h:100 (raftkv_raft_tests+0x185002)
    #3 std::unique_lock<std::mutex>::lock() /usr/include/c++/11/bits/unique_lock.h:139 (raftkv_raft_tests+0x185002)
    #4 std::unique_lock<std::mutex>::unique_lock(std::mutex&) /usr/include/c++/11/bits/unique_lock.h:69 (raftkv_raft_tests+0x185002)
    #5 std::cv_status std::_V2::condition_variable_any::wait_until<std::unique_lock<raftkv::raft::ProbedMutexT<(raftkv::raft::LockClass)0> >, std::chrono::_V2::steady_clock, std::chrono::duration<long, std::ratio<1l, 1000000000l> > >(std::unique_lock<raftkv::raft::ProbedMutexT<(raftkv::raft::LockClass)0> >&, std::chrono::time_point<std::chrono::_V2::steady_clock, std::chrono::duration<long, std::ratio<1l, 1000000000l> > > const&) /usr/include/c++/11/condition_variable:331 (raftkv_raft_tests+0x185002)
    #6 wait_until<std::unique_lock<raftkv::raft::ProbedMutexT<(raftkv::raft::LockClass)0> >, std::chrono::_V2::steady_clock, std::chrono::duration<long int, std::ratio<1, 1000000000> >, raftkv::raft::RaftNode::awaitCommit(raftkv::raft::Index, raftkv::raft::Term, uint64_t)::<lambda()> > /usr/include/c++/11/condition_variable:347 (raftkv_raft_tests+0x17f415)
    #7 raftkv::raft::RaftNode::awaitCommit(unsigned long, unsigned long, unsigned long) /home/tengyujie/raft-kv-lsm/src/raft/raft_node.cpp:895 (raftkv_raft_tests+0x17f415)
    #8 raftkv::raft::RaftNode::propose(raftkv::raft::ClientRequest const&, unsigned long) /home/tengyujie/raft-kv-lsm/src/raft/raft_node.cpp:739 (raftkv_raft_tests+0x1801ec)
    #9 operator() /home/tengyujie/raft-kv-lsm/tests/raft_perf_test.cpp:1101 (raftkv_raft_tests+0xffe75)
    #10 __invoke_impl<void, RaftPerf_A15_WaitPathFlusherHandoffIsNotLost_Test::TestBody()::<lambda()> > /usr/include/c++/11/bits/invoke.h:61 (raftkv_raft_tests+0x1001fa)
    #11 __invoke<RaftPerf_A15_WaitPathFlusherHandoffIsNotLost_Test::TestBody()::<lambda()> > /usr/include/c++/11/bits/invoke.h:96 (raftkv_raft_tests+0x1001fa)
    #12 _M_invoke<0> /usr/include/c++/11/bits/std_thread.h:259 (raftkv_raft_tests+0x1001fa)
    #13 operator() /usr/include/c++/11/bits/std_thread.h:266 (raftkv_raft_tests+0x1001fa)
    #14 _M_run /usr/include/c++/11/bits/std_thread.h:211 (raftkv_raft_tests+0x1001fa)
    #15 <null> <null> (libstdc++.so.6+0xdc252)

  Location is heap block of size 56 at 0x7b1000005c00 allocated by main thread:
    #0 operator new(unsigned long) ../../../../src/libsanitizer/tsan/tsan_new_delete.cpp:64 (libtsan.so.0+0x8f162)
    #1 __gnu_cxx::new_allocator<std::_Sp_counted_ptr_inplace<std::mutex, std::allocator<std::mutex>, (__gnu_cxx::_Lock_policy)2> >::allocate(unsigned long, void const*) /usr/include/c++/11/ext/new_allocator.h:127 (raftkv_raft_tests+0x179d15)
    #2 std::allocator_traits<std::allocator<std::_Sp_counted_ptr_inplace<std::mutex, std::allocator<std::mutex>, (__gnu_cxx::_Lock_policy)2> > >::allocate(std::allocator<std::_Sp_counted_ptr_inplace<std::mutex, std::allocator<std::mutex>, (__gnu_cxx::_Lock_policy)2> >&, unsigned long) /usr/include/c++/11/bits/alloc_traits.h:464 (raftkv_raft_tests+0x179d15)
    #3 std::__allocated_ptr<std::allocator<std::_Sp_counted_ptr_inplace<std::mutex, std::allocator<std::mutex>, (__gnu_cxx::_Lock_policy)2> > > std::__allocate_guarded<std::allocator<std::_Sp_counted_ptr_inplace<std::mutex, std::allocator<std::mutex>, (__gnu_cxx::_Lock_policy)2> > >(std::allocator<std::_Sp_counted_ptr_inplace<std::mutex, std::allocator<std::mutex>, (__gnu_cxx::_Lock_policy)2> >&) /usr/include/c++/11/bits/allocated_ptr.h:98 (raftkv_raft_tests+0x179d15)
    #4 std::__shared_count<(__gnu_cxx::_Lock_policy)2>::__shared_count<std::mutex, std::allocator<std::mutex>>(std::mutex*&, std::_Sp_alloc_shared_tag<std::allocator<std::mutex> >) /usr/include/c++/11/bits/shared_ptr_base.h:648 (raftkv_raft_tests+0x179d15)
    #5 std::__shared_ptr<std::mutex, (__gnu_cxx::_Lock_policy)2>::__shared_ptr<std::allocator<std::mutex>>(std::_Sp_alloc_shared_tag<std::allocator<std::mutex> >) /usr/include/c++/11/bits/shared_ptr_base.h:1342 (raftkv_raft_tests+0x179d15)
    #6 std::shared_ptr<std::mutex>::shared_ptr<std::allocator<std::mutex>>(std::_Sp_alloc_shared_tag<std::allocator<std::mutex> >) /usr/include/c++/11/bits/shared_ptr.h:409 (raftkv_raft_tests+0x179d15)
    #7 std::shared_ptr<std::mutex> std::allocate_shared<std::mutex, std::allocator<std::mutex>>(std::allocator<std::mutex> const&) /usr/include/c++/11/bits/shared_ptr.h:863 (raftkv_raft_tests+0x179d15)
    #8 std::shared_ptr<std::mutex> std::make_shared<std::mutex>() /usr/include/c++/11/bits/shared_ptr.h:879 (raftkv_raft_tests+0x179d15)
    #9 std::_V2::condition_variable_any::condition_variable_any() /usr/include/c++/11/condition_variable:283 (raftkv_raft_tests+0x179d15)
    #10 raftkv::raft::RaftNode::RaftNode(raftkv::raft::RaftConfig, raftkv::raft::LogStore&, raftkv::raft::StateMachine&, raftkv::raft::Transport&, raftkv::raft::Clock&, raftkv::raft::SnapshotStore*, raftkv::raft::ClusterConfig const&, raftkv::raft::Metrics*) /home/tengyujie/raft-kv-lsm/src/raft/raft_node.cpp:49 (raftkv_raft_tests+0x179d15)
    #11 RaftPerf_A15_WaitPathFlusherHandoffIsNotLost_Test::TestBody() /home/tengyujie/raft-kv-lsm/tests/raft_perf_test.cpp:1075 (raftkv_raft_tests+0x11b986)
    #12 void testing::internal::HandleSehExceptionsInMethodIfSupported<testing::Test, void>(testing::Test*, void (testing::Test::*)(), char const*) <null> (raftkv_raft_tests+0x202178)
    #13 __libc_start_call_main ../sysdeps/nptl/libc_start_call_main.h:58 (libc.so.6+0x29d8f)

  Mutex M615439607739210768 is already destroyed.

SUMMARY: ThreadSanitizer: double lock of a mutex /usr/include/x86_64-linux-gnu/c++/11/bits/gthr-default.h:749 in __gthread_mutex_lock
==================
==================
WARNING: ThreadSanitizer: lock-order-inversion (potential deadlock) (pid=363407)
  Cycle in lock order graph: M252 (0x7fffffffe1d0) => M615439607739210768 (0x000000000000) => M252

  Mutex M615439607739210768 acquired here while holding mutex M252 in main thread:
    #0 pthread_mutex_lock ../../../../src/libsanitizer/sanitizer_common/sanitizer_common_interceptors.inc:4240 (libtsan.so.0+0x53908)
    #1 __gthread_mutex_lock /usr/include/x86_64-linux-gnu/c++/11/bits/gthr-default.h:749 (raftkv_raft_tests+0x170e42)
    #2 std::mutex::lock() /usr/include/c++/11/bits/std_mutex.h:100 (raftkv_raft_tests+0x170e42)
    #3 std::lock_guard<std::mutex>::lock_guard(std::mutex&) /usr/include/c++/11/bits/std_mutex.h:229 (raftkv_raft_tests+0x170e42)
    #4 std::_V2::condition_variable_any::notify_all() /usr/include/c++/11/condition_variable:299 (raftkv_raft_tests+0x170e42)
    #5 raftkv::raft::RaftNode::becomeLeader() /home/tengyujie/raft-kv-lsm/src/raft/raft_node.cpp:164 (raftkv_raft_tests+0x170e42)
    #6 raftkv::raft::RaftNode::startElection(unsigned long, std::vector<std::pair<int, raftkv::raft::RequestVoteArgs>, std::allocator<std::pair<int, raftkv::raft::RequestVoteArgs> > >&) /home/tengyujie/raft-kv-lsm/src/raft/raft_node.cpp:183 (raftkv_raft_tests+0x1710b3)
    #7 raftkv::raft::RaftNode::tick() /home/tengyujie/raft-kv-lsm/src/raft/raft_node.cpp:341 (raftkv_raft_tests+0x17c773)
    #8 RaftPerf_A15_WaitPathFlusherHandoffIsNotLost_Test::TestBody() /home/tengyujie/raft-kv-lsm/tests/raft_perf_test.cpp:1078 (raftkv_raft_tests+0x11baa1)
    #9 void testing::internal::HandleSehExceptionsInMethodIfSupported<testing::Test, void>(testing::Test*, void (testing::Test::*)(), char const*) <null> (raftkv_raft_tests+0x202178)
    #10 __libc_start_call_main ../sysdeps/nptl/libc_start_call_main.h:58 (libc.so.6+0x29d8f)

    Hint: use TSAN_OPTIONS=second_deadlock_stack=1 to get more informative warning message

  Mutex M252 acquired here while holding mutex M615439607739210768 in thread T250:
    #0 pthread_mutex_lock ../../../../src/libsanitizer/sanitizer_common/sanitizer_common_interceptors.inc:4240 (libtsan.so.0+0x53908)
    #1 __gthread_mutex_lock /usr/include/x86_64-linux-gnu/c++/11/bits/gthr-default.h:749 (raftkv_raft_tests+0x1853bd)
    #2 std::mutex::lock() /usr/include/c++/11/bits/std_mutex.h:100 (raftkv_raft_tests+0x1853bd)
    #3 raftkv::raft::ProbedMutexT<(raftkv::raft::LockClass)0>::lock() /home/tengyujie/raft-kv-lsm/src/raft/lock_probe.h:95 (raftkv_raft_tests+0x1853bd)
    #4 std::unique_lock<raftkv::raft::ProbedMutexT<(raftkv::raft::LockClass)0> >::lock() /usr/include/c++/11/bits/unique_lock.h:139 (raftkv_raft_tests+0x1853bd)
    #5 std::_V2::condition_variable_any::_Unlock<std::unique_lock<raftkv::raft::ProbedMutexT<(raftkv::raft::LockClass)0> > >::~_Unlock() /usr/include/c++/11/condition_variable:272 (raftkv_raft_tests+0x1853bd)
    #6 std::cv_status std::_V2::condition_variable_any::wait_until<std::unique_lock<raftkv::raft::ProbedMutexT<(raftkv::raft::LockClass)0> >, std::chrono::_V2::steady_clock, std::chrono::duration<long, std::ratio<1l, 1000000000l> > >(std::unique_lock<raftkv::raft::ProbedMutexT<(raftkv::raft::LockClass)0> >&, std::chrono::time_point<std::chrono::_V2::steady_clock, std::chrono::duration<long, std::ratio<1l, 1000000000l> > > const&) /usr/include/c++/11/condition_variable:337 (raftkv_raft_tests+0x1853bd)
    #7 wait_until<std::unique_lock<raftkv::raft::ProbedMutexT<(raftkv::raft::LockClass)0> >, std::chrono::_V2::steady_clock, std::chrono::duration<long int, std::ratio<1, 1000000000> >, raftkv::raft::RaftNode::awaitCommit(raftkv::raft::Index, raftkv::raft::Term, uint64_t)::<lambda()> > /usr/include/c++/11/condition_variable:347 (raftkv_raft_tests+0x17f415)
    #8 raftkv::raft::RaftNode::awaitCommit(unsigned long, unsigned long, unsigned long) /home/tengyujie/raft-kv-lsm/src/raft/raft_node.cpp:895 (raftkv_raft_tests+0x17f415)
    #9 raftkv::raft::RaftNode::propose(raftkv::raft::ClientRequest const&, unsigned long) /home/tengyujie/raft-kv-lsm/src/raft/raft_node.cpp:739 (raftkv_raft_tests+0x1801ec)
    #10 operator() /home/tengyujie/raft-kv-lsm/tests/raft_perf_test.cpp:1101 (raftkv_raft_tests+0xffe75)
    #11 __invoke_impl<void, RaftPerf_A15_WaitPathFlusherHandoffIsNotLost_Test::TestBody()::<lambda()> > /usr/include/c++/11/bits/invoke.h:61 (raftkv_raft_tests+0x1001fa)
    #12 __invoke<RaftPerf_A15_WaitPathFlusherHandoffIsNotLost_Test::TestBody()::<lambda()> > /usr/include/c++/11/bits/invoke.h:96 (raftkv_raft_tests+0x1001fa)
    #13 _M_invoke<0> /usr/include/c++/11/bits/std_thread.h:259 (raftkv_raft_tests+0x1001fa)
    #14 operator() /usr/include/c++/11/bits/std_thread.h:266 (raftkv_raft_tests+0x1001fa)
    #15 _M_run /usr/include/c++/11/bits/std_thread.h:211 (raftkv_raft_tests+0x1001fa)
    #16 <null> <null> (libstdc++.so.6+0xdc252)

  Thread T6 (tid=363760, running) created by main thread at:
    #0 pthread_create ../../../../src/libsanitizer/tsan/tsan_interceptors_posix.cpp:969 (libtsan.so.0+0x605b8)
    #1 std::thread::_M_start_thread(std::unique_ptr<std::thread::_State, std::default_delete<std::thread::_State> >, void (*)()) <null> (libstdc++.so.6+0xdc328)
    #2 void testing::internal::HandleSehExceptionsInMethodIfSupported<testing::Test, void>(testing::Test*, void (testing::Test::*)(), char const*) <null> (raftkv_raft_tests+0x202178)
    #3 __libc_start_call_main ../sysdeps/nptl/libc_start_call_main.h:58 (libc.so.6+0x29d8f)

SUMMARY: ThreadSanitizer: lock-order-inversion (potential deadlock) /usr/include/x86_64-linux-gnu/c++/11/bits/gthr-default.h:749 in __gthread_mutex_lock
==================
==================
WARNING: ThreadSanitizer: double lock of a mutex (pid=363407)
    #0 pthread_mutex_lock ../../../../src/libsanitizer/sanitizer_common/sanitizer_common_interceptors.inc:4240 (libtsan.so.0+0x53908)
    #1 __gthread_mutex_lock /usr/include/x86_64-linux-gnu/c++/11/bits/gthr-default.h:749 (raftkv_raft_tests+0x185002)
    #2 std::mutex::lock() /usr/include/c++/11/bits/std_mutex.h:100 (raftkv_raft_tests+0x185002)
    #3 std::unique_lock<std::mutex>::lock() /usr/include/c++/11/bits/unique_lock.h:139 (raftkv_raft_tests+0x185002)
    #4 std::unique_lock<std::mutex>::unique_lock(std::mutex&) /usr/include/c++/11/bits/unique_lock.h:69 (raftkv_raft_tests+0x185002)
    #5 std::cv_status std::_V2::condition_variable_any::wait_until<std::unique_lock<raftkv::raft::ProbedMutexT<(raftkv::raft::LockClass)0> >, std::chrono::_V2::steady_clock, std::chrono::duration<long, std::ratio<1l, 1000000000l> > >(std::unique_lock<raftkv::raft::ProbedMutexT<(raftkv::raft::LockClass)0> >&, std::chrono::time_point<std::chrono::_V2::steady_clock, std::chrono::duration<long, std::ratio<1l, 1000000000l> > > const&) /usr/include/c++/11/condition_variable:331 (raftkv_raft_tests+0x185002)
    #6 wait_until<std::unique_lock<raftkv::raft::ProbedMutexT<(raftkv::raft::LockClass)0> >, std::chrono::_V2::steady_clock, std::chrono::duration<long int, std::ratio<1, 1000000000> >, raftkv::raft::RaftNode::awaitCommit(raftkv::raft::Index, raftkv::raft::Term, uint64_t)::<lambda()> > /usr/include/c++/11/condition_variable:347 (raftkv_raft_tests+0x17f415)
    #7 raftkv::raft::RaftNode::awaitCommit(unsigned long, unsigned long, unsigned long) /home/tengyujie/raft-kv-lsm/src/raft/raft_node.cpp:895 (raftkv_raft_tests+0x17f415)
    #8 raftkv::raft::RaftNode::propose(raftkv::raft::ClientRequest const&, unsigned long) /home/tengyujie/raft-kv-lsm/src/raft/raft_node.cpp:739 (raftkv_raft_tests+0x1801ec)
    #9 operator() /home/tengyujie/raft-kv-lsm/tests/raft_perf_test.cpp:1101 (raftkv_raft_tests+0xffe75)
    #10 __invoke_impl<void, RaftPerf_A15_WaitPathFlusherHandoffIsNotLost_Test::TestBody()::<lambda()> > /usr/include/c++/11/bits/invoke.h:61 (raftkv_raft_tests+0x1001fa)
    #11 __invoke<RaftPerf_A15_WaitPathFlusherHandoffIsNotLost_Test::TestBody()::<lambda()> > /usr/include/c++/11/bits/invoke.h:96 (raftkv_raft_tests+0x1001fa)
    #12 _M_invoke<0> /usr/include/c++/11/bits/std_thread.h:259 (raftkv_raft_tests+0x1001fa)
    #13 operator() /usr/include/c++/11/bits/std_thread.h:266 (raftkv_raft_tests+0x1001fa)
    #14 _M_run /usr/include/c++/11/bits/std_thread.h:211 (raftkv_raft_tests+0x1001fa)
    #15 <null> <null> (libstdc++.so.6+0xdc252)

  Location is heap block of size 56 at 0x7b1000005c00 allocated by main thread:
    #0 operator new(unsigned long) ../../../../src/libsanitizer/tsan/tsan_new_delete.cpp:64 (libtsan.so.0+0x8f162)
    #1 __gnu_cxx::new_allocator<std::_Sp_counted_ptr_inplace<std::mutex, std::allocator<std::mutex>, (__gnu_cxx::_Lock_policy)2> >::allocate(unsigned long, void const*) /usr/include/c++/11/ext/new_allocator.h:127 (raftkv_raft_tests+0x179d15)
    #2 std::allocator_traits<std::allocator<std::_Sp_counted_ptr_inplace<std::mutex, std::allocator<std::mutex>, (__gnu_cxx::_Lock_policy)2> > >::allocate(std::allocator<std::_Sp_counted_ptr_inplace<std::mutex, std::allocator<std::mutex>, (__gnu_cxx::_Lock_policy)2> >&, unsigned long) /usr/include/c++/11/bits/alloc_traits.h:464 (raftkv_raft_tests+0x179d15)
    #3 std::__allocated_ptr<std::allocator<std::_Sp_counted_ptr_inplace<std::mutex, std::allocator<std::mutex>, (__gnu_cxx::_Lock_policy)2> > > std::__allocate_guarded<std::allocator<std::_Sp_counted_ptr_inplace<std::mutex, std::allocator<std::mutex>, (__gnu_cxx::_Lock_policy)2> > >(std::allocator<std::_Sp_counted_ptr_inplace<std::mutex, std::allocator<std::mutex>, (__gnu_cxx::_Lock_policy)2> >&) /usr/include/c++/11/bits/allocated_ptr.h:98 (raftkv_raft_tests+0x179d15)
    #4 std::__shared_count<(__gnu_cxx::_Lock_policy)2>::__shared_count<std::mutex, std::allocator<std::mutex>>(std::mutex*&, std::_Sp_alloc_shared_tag<std::allocator<std::mutex> >) /usr/include/c++/11/bits/shared_ptr_base.h:648 (raftkv_raft_tests+0x179d15)
    #5 std::__shared_ptr<std::mutex, (__gnu_cxx::_Lock_policy)2>::__shared_ptr<std::allocator<std::mutex>>(std::_Sp_alloc_shared_tag<std::allocator<std::mutex> >) /usr/include/c++/11/bits/shared_ptr_base.h:1342 (raftkv_raft_tests+0x179d15)
    #6 std::shared_ptr<std::mutex>::shared_ptr<std::allocator<std::mutex>>(std::_Sp_alloc_shared_tag<std::allocator<std::mutex> >) /usr/include/c++/11/bits/shared_ptr.h:409 (raftkv_raft_tests+0x179d15)
    #7 std::shared_ptr<std::mutex> std::allocate_shared<std::mutex, std::allocator<std::mutex>>(std::allocator<std::mutex> const&) /usr/include/c++/11/bits/shared_ptr.h:863 (raftkv_raft_tests+0x179d15)
    #8 std::shared_ptr<std::mutex> std::make_shared<std::mutex>() /usr/include/c++/11/bits/shared_ptr.h:879 (raftkv_raft_tests+0x179d15)
    #9 std::_V2::condition_variable_any::condition_variable_any() /usr/include/c++/11/condition_variable:283 (raftkv_raft_tests+0x179d15)
    #10 raftkv::raft::RaftNode::RaftNode(raftkv::raft::RaftConfig, raftkv::raft::LogStore&, raftkv::raft::StateMachine&, raftkv::raft::Transport&, raftkv::raft::Clock&, raftkv::raft::SnapshotStore*, raftkv::raft::ClusterConfig const&, raftkv::raft::Metrics*) /home/tengyujie/raft-kv-lsm/src/raft/raft_node.cpp:49 (raftkv_raft_tests+0x179d15)
    #11 RaftPerf_A15_WaitPathFlusherHandoffIsNotLost_Test::TestBody() /home/tengyujie/raft-kv-lsm/tests/raft_perf_test.cpp:1075 (raftkv_raft_tests+0x11b986)
    #12 void testing::internal::HandleSehExceptionsInMethodIfSupported<testing::Test, void>(testing::Test*, void (testing::Test::*)(), char const*) <null> (raftkv_raft_tests+0x202178)
    #13 __libc_start_call_main ../sysdeps/nptl/libc_start_call_main.h:58 (libc.so.6+0x29d8f)

  Mutex M617972882529606672 is already destroyed.

SUMMARY: ThreadSanitizer: double lock of a mutex /usr/include/x86_64-linux-gnu/c++/11/bits/gthr-default.h:749 in __gthread_mutex_lock
==================
==================
WARNING: ThreadSanitizer: lock-order-inversion (potential deadlock) (pid=363407)
  Cycle in lock order graph: M252 (0x7fffffffe1d0) => M617972882529606672 (0x000000000000) => M252

  Mutex M617972882529606672 acquired here while holding mutex M252 in main thread:
    #0 pthread_mutex_lock ../../../../src/libsanitizer/sanitizer_common/sanitizer_common_interceptors.inc:4240 (libtsan.so.0+0x53908)
    #1 __gthread_mutex_lock /usr/include/x86_64-linux-gnu/c++/11/bits/gthr-default.h:749 (raftkv_raft_tests+0x170e42)
    #2 std::mutex::lock() /usr/include/c++/11/bits/std_mutex.h:100 (raftkv_raft_tests+0x170e42)
    #3 std::lock_guard<std::mutex>::lock_guard(std::mutex&) /usr/include/c++/11/bits/std_mutex.h:229 (raftkv_raft_tests+0x170e42)
    #4 std::_V2::condition_variable_any::notify_all() /usr/include/c++/11/condition_variable:299 (raftkv_raft_tests+0x170e42)
    #5 raftkv::raft::RaftNode::becomeLeader() /home/tengyujie/raft-kv-lsm/src/raft/raft_node.cpp:164 (raftkv_raft_tests+0x170e42)
    #6 raftkv::raft::RaftNode::startElection(unsigned long, std::vector<std::pair<int, raftkv::raft::RequestVoteArgs>, std::allocator<std::pair<int, raftkv::raft::RequestVoteArgs> > >&) /home/tengyujie/raft-kv-lsm/src/raft/raft_node.cpp:183 (raftkv_raft_tests+0x1710b3)
    #7 raftkv::raft::RaftNode::tick() /home/tengyujie/raft-kv-lsm/src/raft/raft_node.cpp:341 (raftkv_raft_tests+0x17c773)
    #8 RaftPerf_A15_WaitPathFlusherHandoffIsNotLost_Test::TestBody() /home/tengyujie/raft-kv-lsm/tests/raft_perf_test.cpp:1078 (raftkv_raft_tests+0x11baa1)
    #9 void testing::internal::HandleSehExceptionsInMethodIfSupported<testing::Test, void>(testing::Test*, void (testing::Test::*)(), char const*) <null> (raftkv_raft_tests+0x202178)
    #10 __libc_start_call_main ../sysdeps/nptl/libc_start_call_main.h:58 (libc.so.6+0x29d8f)

    Hint: use TSAN_OPTIONS=second_deadlock_stack=1 to get more informative warning message

  Mutex M252 acquired here while holding mutex M617972882529606672 in thread T255:
    #0 pthread_mutex_lock ../../../../src/libsanitizer/sanitizer_common/sanitizer_common_interceptors.inc:4240 (libtsan.so.0+0x53908)
    #1 __gthread_mutex_lock /usr/include/x86_64-linux-gnu/c++/11/bits/gthr-default.h:749 (raftkv_raft_tests+0x1853bd)
    #2 std::mutex::lock() /usr/include/c++/11/bits/std_mutex.h:100 (raftkv_raft_tests+0x1853bd)
    #3 raftkv::raft::ProbedMutexT<(raftkv::raft::LockClass)0>::lock() /home/tengyujie/raft-kv-lsm/src/raft/lock_probe.h:95 (raftkv_raft_tests+0x1853bd)
    #4 std::unique_lock<raftkv::raft::ProbedMutexT<(raftkv::raft::LockClass)0> >::lock() /usr/include/c++/11/bits/unique_lock.h:139 (raftkv_raft_tests+0x1853bd)
    #5 std::_V2::condition_variable_any::_Unlock<std::unique_lock<raftkv::raft::ProbedMutexT<(raftkv::raft::LockClass)0> > >::~_Unlock() /usr/include/c++/11/condition_variable:272 (raftkv_raft_tests+0x1853bd)
    #6 std::cv_status std::_V2::condition_variable_any::wait_until<std::unique_lock<raftkv::raft::ProbedMutexT<(raftkv::raft::LockClass)0> >, std::chrono::_V2::steady_clock, std::chrono::duration<long, std::ratio<1l, 1000000000l> > >(std::unique_lock<raftkv::raft::ProbedMutexT<(raftkv::raft::LockClass)0> >&, std::chrono::time_point<std::chrono::_V2::steady_clock, std::chrono::duration<long, std::ratio<1l, 1000000000l> > > const&) /usr/include/c++/11/condition_variable:337 (raftkv_raft_tests+0x1853bd)
    #7 wait_until<std::unique_lock<raftkv::raft::ProbedMutexT<(raftkv::raft::LockClass)0> >, std::chrono::_V2::steady_clock, std::chrono::duration<long int, std::ratio<1, 1000000000> >, raftkv::raft::RaftNode::awaitCommit(raftkv::raft::Index, raftkv::raft::Term, uint64_t)::<lambda()> > /usr/include/c++/11/condition_variable:347 (raftkv_raft_tests+0x17f415)
    #8 raftkv::raft::RaftNode::awaitCommit(unsigned long, unsigned long, unsigned long) /home/tengyujie/raft-kv-lsm/src/raft/raft_node.cpp:895 (raftkv_raft_tests+0x17f415)
    #9 raftkv::raft::RaftNode::propose(raftkv::raft::ClientRequest const&, unsigned long) /home/tengyujie/raft-kv-lsm/src/raft/raft_node.cpp:739 (raftkv_raft_tests+0x1801ec)
    #10 operator() /home/tengyujie/raft-kv-lsm/tests/raft_perf_test.cpp:1101 (raftkv_raft_tests+0xffe75)
    #11 __invoke_impl<void, RaftPerf_A15_WaitPathFlusherHandoffIsNotLost_Test::TestBody()::<lambda()> > /usr/include/c++/11/bits/invoke.h:61 (raftkv_raft_tests+0x1001fa)
    #12 __invoke<RaftPerf_A15_WaitPathFlusherHandoffIsNotLost_Test::TestBody()::<lambda()> > /usr/include/c++/11/bits/invoke.h:96 (raftkv_raft_tests+0x1001fa)
    #13 _M_invoke<0> /usr/include/c++/11/bits/std_thread.h:259 (raftkv_raft_tests+0x1001fa)
    #14 operator() /usr/include/c++/11/bits/std_thread.h:266 (raftkv_raft_tests+0x1001fa)
    #15 _M_run /usr/include/c++/11/bits/std_thread.h:211 (raftkv_raft_tests+0x1001fa)
    #16 <null> <null> (libstdc++.so.6+0xdc252)

  Thread T10 (tid=363765, running) created by main thread at:
    #0 pthread_create ../../../../src/libsanitizer/tsan/tsan_interceptors_posix.cpp:969 (libtsan.so.0+0x605b8)
    #1 std::thread::_M_start_thread(std::unique_ptr<std::thread::_State, std::default_delete<std::thread::_State> >, void (*)()) <null> (libstdc++.so.6+0xdc328)
    #2 void testing::internal::HandleSehExceptionsInMethodIfSupported<testing::Test, void>(testing::Test*, void (testing::Test::*)(), char const*) <null> (raftkv_raft_tests+0x202178)
    #3 __libc_start_call_main ../sysdeps/nptl/libc_start_call_main.h:58 (libc.so.6+0x29d8f)

SUMMARY: ThreadSanitizer: lock-order-inversion (potential deadlock) /usr/include/x86_64-linux-gnu/c++/11/bits/gthr-default.h:749 in __gthread_mutex_lock
==================
[       OK ] RaftPerf.A15_WaitPathFlusherHandoffIsNotLost (1068 ms)
[ RUN      ] RaftPerf.A16_NextFlushWaitsForInFlightSends
==================
WARNING: ThreadSanitizer: double lock of a mutex (pid=363407)
    #0 pthread_mutex_lock ../../../../src/libsanitizer/sanitizer_common/sanitizer_common_interceptors.inc:4240 (libtsan.so.0+0x53908)
    #1 __gthread_mutex_lock /usr/include/x86_64-linux-gnu/c++/11/bits/gthr-default.h:749 (raftkv_raft_tests+0x185002)
    #2 std::mutex::lock() /usr/include/c++/11/bits/std_mutex.h:100 (raftkv_raft_tests+0x185002)
    #3 std::unique_lock<std::mutex>::lock() /usr/include/c++/11/bits/unique_lock.h:139 (raftkv_raft_tests+0x185002)
    #4 std::unique_lock<std::mutex>::unique_lock(std::mutex&) /usr/include/c++/11/bits/unique_lock.h:69 (raftkv_raft_tests+0x185002)
    #5 std::cv_status std::_V2::condition_variable_any::wait_until<std::unique_lock<raftkv::raft::ProbedMutexT<(raftkv::raft::LockClass)0> >, std::chrono::_V2::steady_clock, std::chrono::duration<long, std::ratio<1l, 1000000000l> > >(std::unique_lock<raftkv::raft::ProbedMutexT<(raftkv::raft::LockClass)0> >&, std::chrono::time_point<std::chrono::_V2::steady_clock, std::chrono::duration<long, std::ratio<1l, 1000000000l> > > const&) /usr/include/c++/11/condition_variable:331 (raftkv_raft_tests+0x185002)
    #6 wait_until<std::unique_lock<raftkv::raft::ProbedMutexT<(raftkv::raft::LockClass)0> >, std::chrono::_V2::steady_clock, std::chrono::duration<long int, std::ratio<1, 1000000000> >, raftkv::raft::RaftNode::awaitCommit(raftkv::raft::Index, raftkv::raft::Term, uint64_t)::<lambda()> > /usr/include/c++/11/condition_variable:347 (raftkv_raft_tests+0x17f415)
    #7 raftkv::raft::RaftNode::awaitCommit(unsigned long, unsigned long, unsigned long) /home/tengyujie/raft-kv-lsm/src/raft/raft_node.cpp:895 (raftkv_raft_tests+0x17f415)
    #8 raftkv::raft::RaftNode::propose(raftkv::raft::ClientRequest const&, unsigned long) /home/tengyujie/raft-kv-lsm/src/raft/raft_node.cpp:739 (raftkv_raft_tests+0x1801ec)
    #9 operator() /home/tengyujie/raft-kv-lsm/tests/raft_perf_test.cpp:1234 (raftkv_raft_tests+0x10182d)
    #10 __invoke_impl<void, RaftPerf_A16_NextFlushWaitsForInFlightSends_Test::TestBody()::<lambda(int)>::<lambda()> > /usr/include/c++/11/bits/invoke.h:61 (raftkv_raft_tests+0x10182d)
    #11 __invoke<RaftPerf_A16_NextFlushWaitsForInFlightSends_Test::TestBody()::<lambda(int)>::<lambda()> > /usr/include/c++/11/bits/invoke.h:96 (raftkv_raft_tests+0x10182d)
    #12 _M_invoke<0> /usr/include/c++/11/bits/std_thread.h:259 (raftkv_raft_tests+0x10182d)
    #13 operator() /usr/include/c++/11/bits/std_thread.h:266 (raftkv_raft_tests+0x10182d)
    #14 _M_run /usr/include/c++/11/bits/std_thread.h:211 (raftkv_raft_tests+0x10182d)
    #15 <null> <null> (libstdc++.so.6+0xdc252)

  Location is heap block of size 56 at 0x7b1000008380 allocated by main thread:
    #0 operator new(unsigned long) ../../../../src/libsanitizer/tsan/tsan_new_delete.cpp:64 (libtsan.so.0+0x8f162)
    #1 __gnu_cxx::new_allocator<std::_Sp_counted_ptr_inplace<std::mutex, std::allocator<std::mutex>, (__gnu_cxx::_Lock_policy)2> >::allocate(unsigned long, void const*) /usr/include/c++/11/ext/new_allocator.h:127 (raftkv_raft_tests+0x179d15)
    #2 std::allocator_traits<std::allocator<std::_Sp_counted_ptr_inplace<std::mutex, std::allocator<std::mutex>, (__gnu_cxx::_Lock_policy)2> > >::allocate(std::allocator<std::_Sp_counted_ptr_inplace<std::mutex, std::allocator<std::mutex>, (__gnu_cxx::_Lock_policy)2> >&, unsigned long) /usr/include/c++/11/bits/alloc_traits.h:464 (raftkv_raft_tests+0x179d15)
    #3 std::__allocated_ptr<std::allocator<std::_Sp_counted_ptr_inplace<std::mutex, std::allocator<std::mutex>, (__gnu_cxx::_Lock_policy)2> > > std::__allocate_guarded<std::allocator<std::_Sp_counted_ptr_inplace<std::mutex, std::allocator<std::mutex>, (__gnu_cxx::_Lock_policy)2> > >(std::allocator<std::_Sp_counted_ptr_inplace<std::mutex, std::allocator<std::mutex>, (__gnu_cxx::_Lock_policy)2> >&) /usr/include/c++/11/bits/allocated_ptr.h:98 (raftkv_raft_tests+0x179d15)
    #4 std::__shared_count<(__gnu_cxx::_Lock_policy)2>::__shared_count<std::mutex, std::allocator<std::mutex>>(std::mutex*&, std::_Sp_alloc_shared_tag<std::allocator<std::mutex> >) /usr/include/c++/11/bits/shared_ptr_base.h:648 (raftkv_raft_tests+0x179d15)
    #5 std::__shared_ptr<std::mutex, (__gnu_cxx::_Lock_policy)2>::__shared_ptr<std::allocator<std::mutex>>(std::_Sp_alloc_shared_tag<std::allocator<std::mutex> >) /usr/include/c++/11/bits/shared_ptr_base.h:1342 (raftkv_raft_tests+0x179d15)
    #6 std::shared_ptr<std::mutex>::shared_ptr<std::allocator<std::mutex>>(std::_Sp_alloc_shared_tag<std::allocator<std::mutex> >) /usr/include/c++/11/bits/shared_ptr.h:409 (raftkv_raft_tests+0x179d15)
    #7 std::shared_ptr<std::mutex> std::allocate_shared<std::mutex, std::allocator<std::mutex>>(std::allocator<std::mutex> const&) /usr/include/c++/11/bits/shared_ptr.h:863 (raftkv_raft_tests+0x179d15)
    #8 std::shared_ptr<std::mutex> std::make_shared<std::mutex>() /usr/include/c++/11/bits/shared_ptr.h:879 (raftkv_raft_tests+0x179d15)
    #9 std::_V2::condition_variable_any::condition_variable_any() /usr/include/c++/11/condition_variable:283 (raftkv_raft_tests+0x179d15)
    #10 raftkv::raft::RaftNode::RaftNode(raftkv::raft::RaftConfig, raftkv::raft::LogStore&, raftkv::raft::StateMachine&, raftkv::raft::Transport&, raftkv::raft::Clock&, raftkv::raft::SnapshotStore*, raftkv::raft::ClusterConfig const&, raftkv::raft::Metrics*) /home/tengyujie/raft-kv-lsm/src/raft/raft_node.cpp:49 (raftkv_raft_tests+0x179d15)
    #11 RaftPerf_A16_NextFlushWaitsForInFlightSends_Test::TestBody() /home/tengyujie/raft-kv-lsm/tests/raft_perf_test.cpp:1197 (raftkv_raft_tests+0x11dacd)
    #12 void testing::internal::HandleSehExceptionsInMethodIfSupported<testing::Test, void>(testing::Test*, void (testing::Test::*)(), char const*) <null> (raftkv_raft_tests+0x202178)
    #13 __libc_start_call_main ../sysdeps/nptl/libc_start_call_main.h:58 (libc.so.6+0x29d8f)

  Mutex M620506157320012688 is already destroyed.

SUMMARY: ThreadSanitizer: double lock of a mutex /usr/include/x86_64-linux-gnu/c++/11/bits/gthr-default.h:749 in __gthread_mutex_lock
==================
==================
WARNING: ThreadSanitizer: lock-order-inversion (potential deadlock) (pid=363407)
  Cycle in lock order graph: M563372165886367504 (0x000000000000) => M620506157320012688 (0x000000000000) => M563372165886367504

  Mutex M620506157320012688 acquired here while holding mutex M563372165886367504 in main thread:
    #0 pthread_mutex_lock ../../../../src/libsanitizer/sanitizer_common/sanitizer_common_interceptors.inc:4240 (libtsan.so.0+0x53908)
    #1 __gthread_mutex_lock /usr/include/x86_64-linux-gnu/c++/11/bits/gthr-default.h:749 (raftkv_raft_tests+0x170e42)
    #2 std::mutex::lock() /usr/include/c++/11/bits/std_mutex.h:100 (raftkv_raft_tests+0x170e42)
    #3 std::lock_guard<std::mutex>::lock_guard(std::mutex&) /usr/include/c++/11/bits/std_mutex.h:229 (raftkv_raft_tests+0x170e42)
    #4 std::_V2::condition_variable_any::notify_all() /usr/include/c++/11/condition_variable:299 (raftkv_raft_tests+0x170e42)
    #5 raftkv::raft::RaftNode::becomeLeader() /home/tengyujie/raft-kv-lsm/src/raft/raft_node.cpp:164 (raftkv_raft_tests+0x170e42)
    #6 raftkv::raft::RaftNode::onRequestVoteReply(int, raftkv::raft::RequestVoteReply const&) /home/tengyujie/raft-kv-lsm/src/raft/raft_node.cpp:638 (raftkv_raft_tests+0x1715cf)
    #7 operator() /home/tengyujie/raft-kv-lsm/src/raft/raft_node.cpp:418 (raftkv_raft_tests+0x171680)
    #8 __invoke_impl<void, raftkv::raft::RaftNode::tick()::<lambda(const raftkv::raft::RequestVoteReply&)>&, const raftkv::raft::RequestVoteReply&> /usr/include/c++/11/bits/invoke.h:61 (raftkv_raft_tests+0x171680)
    #9 __invoke_r<void, raftkv::raft::RaftNode::tick()::<lambda(const raftkv::raft::RequestVoteReply&)>&, const raftkv::raft::RequestVoteReply&> /usr/include/c++/11/bits/invoke.h:111 (raftkv_raft_tests+0x171680)
    #10 _M_invoke /usr/include/c++/11/bits/std_function.h:290 (raftkv_raft_tests+0x171680)
    #11 std::function<void (raftkv::raft::RequestVoteReply const&)>::operator()(raftkv::raft::RequestVoteReply const&) const /usr/include/c++/11/bits/std_function.h:590 (raftkv_raft_tests+0x16408b)
    #12 raftkv::raft::MemoryTransport::sendRequestVote(int, raftkv::raft::RequestVoteArgs const&, std::function<void (raftkv::raft::RequestVoteReply const&)>) /home/tengyujie/raft-kv-lsm/src/raft/memory_adapters.cpp:160 (raftkv_raft_tests+0x16408b)
    #13 raftkv::raft::RaftNode::tick() /home/tengyujie/raft-kv-lsm/src/raft/raft_node.cpp:415 (raftkv_raft_tests+0x17d047)
    #14 RaftPerf_A16_NextFlushWaitsForInFlightSends_Test::TestBody() /home/tengyujie/raft-kv-lsm/tests/raft_perf_test.cpp:1214 (raftkv_raft_tests+0x11e085)
    #15 void testing::internal::HandleSehExceptionsInMethodIfSupported<testing::Test, void>(testing::Test*, void (testing::Test::*)(), char const*) <null> (raftkv_raft_tests+0x202178)
    #16 __libc_start_call_main ../sysdeps/nptl/libc_start_call_main.h:58 (libc.so.6+0x29d8f)

    Hint: use TSAN_OPTIONS=second_deadlock_stack=1 to get more informative warning message

  Mutex M563372165886367504 acquired here while holding mutex M620506157320012688 in thread T260:
    #0 pthread_mutex_lock ../../../../src/libsanitizer/sanitizer_common/sanitizer_common_interceptors.inc:4240 (libtsan.so.0+0x53908)
    #1 __gthread_mutex_lock /usr/include/x86_64-linux-gnu/c++/11/bits/gthr-default.h:749 (raftkv_raft_tests+0x1853bd)
    #2 std::mutex::lock() /usr/include/c++/11/bits/std_mutex.h:100 (raftkv_raft_tests+0x1853bd)
    #3 raftkv::raft::ProbedMutexT<(raftkv::raft::LockClass)0>::lock() /home/tengyujie/raft-kv-lsm/src/raft/lock_probe.h:95 (raftkv_raft_tests+0x1853bd)
    #4 std::unique_lock<raftkv::raft::ProbedMutexT<(raftkv::raft::LockClass)0> >::lock() /usr/include/c++/11/bits/unique_lock.h:139 (raftkv_raft_tests+0x1853bd)
    #5 std::_V2::condition_variable_any::_Unlock<std::unique_lock<raftkv::raft::ProbedMutexT<(raftkv::raft::LockClass)0> > >::~_Unlock() /usr/include/c++/11/condition_variable:272 (raftkv_raft_tests+0x1853bd)
    #6 std::cv_status std::_V2::condition_variable_any::wait_until<std::unique_lock<raftkv::raft::ProbedMutexT<(raftkv::raft::LockClass)0> >, std::chrono::_V2::steady_clock, std::chrono::duration<long, std::ratio<1l, 1000000000l> > >(std::unique_lock<raftkv::raft::ProbedMutexT<(raftkv::raft::LockClass)0> >&, std::chrono::time_point<std::chrono::_V2::steady_clock, std::chrono::duration<long, std::ratio<1l, 1000000000l> > > const&) /usr/include/c++/11/condition_variable:337 (raftkv_raft_tests+0x1853bd)
    #7 wait_until<std::unique_lock<raftkv::raft::ProbedMutexT<(raftkv::raft::LockClass)0> >, std::chrono::_V2::steady_clock, std::chrono::duration<long int, std::ratio<1, 1000000000> >, raftkv::raft::RaftNode::awaitCommit(raftkv::raft::Index, raftkv::raft::Term, uint64_t)::<lambda()> > /usr/include/c++/11/condition_variable:347 (raftkv_raft_tests+0x17f415)
    #8 raftkv::raft::RaftNode::awaitCommit(unsigned long, unsigned long, unsigned long) /home/tengyujie/raft-kv-lsm/src/raft/raft_node.cpp:895 (raftkv_raft_tests+0x17f415)
    #9 raftkv::raft::RaftNode::propose(raftkv::raft::ClientRequest const&, unsigned long) /home/tengyujie/raft-kv-lsm/src/raft/raft_node.cpp:739 (raftkv_raft_tests+0x1801ec)
    #10 operator() /home/tengyujie/raft-kv-lsm/tests/raft_perf_test.cpp:1234 (raftkv_raft_tests+0x10182d)
    #11 __invoke_impl<void, RaftPerf_A16_NextFlushWaitsForInFlightSends_Test::TestBody()::<lambda(int)>::<lambda()> > /usr/include/c++/11/bits/invoke.h:61 (raftkv_raft_tests+0x10182d)
    #12 __invoke<RaftPerf_A16_NextFlushWaitsForInFlightSends_Test::TestBody()::<lambda(int)>::<lambda()> > /usr/include/c++/11/bits/invoke.h:96 (raftkv_raft_tests+0x10182d)
    #13 _M_invoke<0> /usr/include/c++/11/bits/std_thread.h:259 (raftkv_raft_tests+0x10182d)
    #14 operator() /usr/include/c++/11/bits/std_thread.h:266 (raftkv_raft_tests+0x10182d)
    #15 _M_run /usr/include/c++/11/bits/std_thread.h:211 (raftkv_raft_tests+0x10182d)
    #16 <null> <null> (libstdc++.so.6+0xdc252)

  Thread T15 (tid=363770, running) created by main thread at:
    #0 pthread_create ../../../../src/libsanitizer/tsan/tsan_interceptors_posix.cpp:969 (libtsan.so.0+0x605b8)
    #1 std::thread::_M_start_thread(std::unique_ptr<std::thread::_State, std::default_delete<std::thread::_State> >, void (*)()) <null> (libstdc++.so.6+0xdc328)
    #2 operator() /home/tengyujie/raft-kv-lsm/tests/raft_perf_test.cpp:1227 (raftkv_raft_tests+0x11e7d6)
    #3 RaftPerf_A16_NextFlushWaitsForInFlightSends_Test::TestBody() /home/tengyujie/raft-kv-lsm/tests/raft_perf_test.cpp:1244 (raftkv_raft_tests+0x11e7d6)
    #4 void testing::internal::HandleSehExceptionsInMethodIfSupported<testing::Test, void>(testing::Test*, void (testing::Test::*)(), char const*) <null> (raftkv_raft_tests+0x202178)
    #5 __libc_start_call_main ../sysdeps/nptl/libc_start_call_main.h:58 (libc.so.6+0x29d8f)

SUMMARY: ThreadSanitizer: lock-order-inversion (potential deadlock) /usr/include/x86_64-linux-gnu/c++/11/bits/gthr-default.h:749 in __gthread_mutex_lock
==================
[       OK ] RaftPerf.A16_NextFlushWaitsForInFlightSends (412 ms)
[----------] 17 tests from RaftPerf (2558 ms total)

[----------] 6 tests from RaftReactor
[ RUN      ] RaftReactor.R1_SendReceivesReplyAsynchronously
[       OK ] RaftReactor.R1_SendReceivesReplyAsynchronously (9 ms)
[ RUN      ] RaftReactor.R6_FrameIsNotRetransmittedWhileAwaitingReply
[       OK ] RaftReactor.R6_FrameIsNotRetransmittedWhileAwaitingReply (404 ms)
[ RUN      ] RaftReactor.R2_TimeoutDropsCallback
[       OK ] RaftReactor.R2_TimeoutDropsCallback (603 ms)
[ RUN      ] RaftReactor.R3_RemovePeerDropsInflightCallback
[       OK ] RaftReactor.R3_RemovePeerDropsInflightCallback (206 ms)
[ RUN      ] RaftReactor.R4_SlowPeerDoesNotBlockOthers
[       OK ] RaftReactor.R4_SlowPeerDoesNotBlockOthers (10 ms)
[ RUN      ] RaftReactor.R5_StopDropsPendingCallbacks
[       OK ] RaftReactor.R5_StopDropsPendingCallbacks (208 ms)
[----------] 6 tests from RaftReactor (1442 ms total)

[----------] 4 tests from RaftLogStoreDiff
[ RUN      ] RaftLogStoreDiff.FixedEdgeSequence
[       OK ] RaftLogStoreDiff.FixedEdgeSequence (60 ms)
[ RUN      ] RaftLogStoreDiff.RandomFuzz4000Steps
[       OK ] RaftLogStoreDiff.RandomFuzz4000Steps (3201 ms)
[ RUN      ] RaftLogStoreDiff.SetBoundaryBackwardsMatchesFileLogStore
[       OK ] RaftLogStoreDiff.SetBoundaryBackwardsMatchesFileLogStore (28 ms)
[ RUN      ] RaftLogStoreDiff.RaftPrefixCompactionUnderLsmBackgroundCompaction
[two-compactions] cross_engine_mismatches=0 steps=49 lsm_flush_done=48 lsm_compaction_rounds=11 raft_compacts=24 last_included=9800 first=9801 last=10000
[two-compactions] reopen_dump_equal=1 reopened_last=10000
[       OK ] RaftLogStoreDiff.RaftPrefixCompactionUnderLsmBackgroundCompaction (3319 ms)
[----------] 4 tests from RaftLogStoreDiff (6609 ms total)

[----------] Global test environment tear-down
[==========] 161 tests from 24 test suites ran. (442755 ms total)
[  PASSED  ] 161 tests.
ThreadSanitizer: reported 16 warnings
